time_sec,delta,servo_angle,pot_angle,raw_value
7.3645,180.0,180.0,0.0,4095
7.4013,0.0,0.0,0.0,4095
7.4323,0.0,0.0,0.0,4095
7.4573,0.0,0.0,0.0,4095
7.4954,0.0,0.0,0.0,4095
7.5273,0.0,0.0,0.0,4095
7.5592,0.0,0.0,0.0,4095
7.5876,0.0,0.0,0.0,4095
7.6241,0.0,0.0,0.0,4095
7.6553,0.0,0.0,0.0,4095
7.675,0.0,0.0,0.0,4095
7.7051,0.0,0.0,0.0,4095
7.7496,0.0,0.0,0.0,4095
7.7825,0.0,0.0,0.0,4095
7.7991,0.0,0.0,0.0,4095
7.8446,0.0,0.0,0.0,4095
7.8622,0.0,0.0,0.0,4095
7.8934,0.0,0.0,0.0,4095
7.924,0.0,0.0,0.0,4095
7.9561,0.0,0.0,0.0,4095
7.9876,0.0,0.0,0.0,4095
8.018,0.0,0.0,0.0,4095
8.05,0.0,0.0,0.0,4095
8.0811,0.0,0.0,0.0,4095
8.1117,0.0,0.0,0.0,4095
8.1426,0.0,0.0,0.0,4095
8.1756,0.0,0.0,0.0,4095
8.2084,0.0,0.0,0.0,4095
8.2388,0.0,0.0,0.0,4095
8.2685,0.0,0.0,0.0,4095
8.3004,0.0,0.0,0.0,4095
8.3319,0.0,0.0,0.0,4095
8.3631,0.0,0.0,0.0,4095
8.3943,0.0,0.0,0.0,4095
8.4248,0.0,0.0,0.0,4095
8.4571,0.0,0.0,0.0,4095
8.4881,0.0,0.0,0.0,4095
8.5196,0.0,0.0,0.0,4095
8.5516,0.0,0.0,0.0,4095
8.5841,0.0,0.0,0.0,4095
8.6147,0.0,0.0,0.0,4095
8.6469,0.0,0.0,0.0,4095
8.6796,0.0,0.0,0.0,4095
8.7107,0.0,0.0,0.0,4095
8.7439,0.0,0.0,0.0,4095
8.7747,0.0,0.0,0.0,4095
8.8063,0.0,0.0,0.0,4095
8.837,0.0,0.0,0.0,4095
8.8697,0.0,0.0,0.0,4095
8.9006,0.0,0.0,0.0,4095
8.9317,0.0,0.0,0.0,4095
8.964,0.0,0.0,0.0,4095
8.9947,0.0,0.0,0.0,4095
9.0271,0.0,0.0,0.0,4095
9.0585,0.0,0.0,0.0,4095
9.0903,0.0,0.0,0.0,4095
9.1215,0.0,0.0,0.0,4095
9.1518,0.0,0.0,0.0,4095
9.1832,0.0,0.0,0.0,4095
9.214,0.0,0.0,0.0,4095
9.2463,0.0,0.0,0.0,4095
9.2783,0.0,0.0,0.0,4095
9.3078,0.0,0.0,0.0,4095
9.34,0.0,0.0,0.0,4095
9.3701,0.0,0.0,0.0,4095
9.4018,0.0,0.0,0.0,4095
9.4314,0.0,0.0,0.0,4095
9.4626,0.0,0.0,0.0,4095
9.4958,0.0,0.0,0.0,4095
9.5263,0.0,0.0,0.0,4095
9.5579,0.0,0.0,0.0,4095
9.5887,0.0,0.0,0.0,4095
9.6195,0.0,0.0,0.0,4095
9.6515,2.0,2.0,0.0,4095
9.6839,5.0,5.0,0.0,4095
9.7156,8.0,8.0,0.0,4095
9.7467,10.0,10.0,0.0,4095
9.7784,13.0,13.0,0.0,4095
9.8105,15.0,15.0,0.0,4095
9.8416,18.0,18.0,0.0,4095
9.8736,21.0,21.0,0.0,4095
9.9049,23.0,23.0,0.0,4095
9.9362,26.0,26.0,0.0,4095
9.9685,28.0,28.0,0.0,4095
10.0008,31.0,31.0,0.0,4095
10.0319,34.0,34.0,0.0,4095
10.0637,36.0,36.0,0.0,4095
10.0797,39.0,39.0,0.0,4095
10.1107,41.0,41.0,0.0,4095
10.1431,44.0,44.0,0.0,4095
10.1745,46.0,46.0,0.0,4095
10.2059,49.0,49.0,0.0,4095
10.2375,51.0,51.0,0.0,4095
10.2697,54.0,54.0,0.0,4095
10.3011,57.0,57.0,0.0,4095
10.3327,59.0,59.0,0.0,4095
10.3638,62.0,62.0,0.0,4095
10.3953,64.0,64.0,0.0,4095
10.4257,65.84,67.0,1.2,4068
10.4603,64.12,69.0,4.9,3995
10.4894,62.04,72.0,10.0,3920
10.5203,59.28,75.0,15.7,3845
10.552,56.34,77.0,20.7,3797
10.5837,53.95,80.0,26.1,3729
10.6141,50.11,82.0,31.9,3656
10.647,47.1,85.0,37.9,3584
10.6781,43.15,88.0,44.9,3492
10.7097,39.09,90.0,50.9,3432
10.7403,36.31,93.0,56.7,3368
10.7725,32.86,96.0,63.1,3285
10.8038,29.36,98.0,68.6,3232
10.8352,25.91,101.0,75.1,3146
10.8677,21.85,103.0,81.1,3080
10.899,19.24,106.0,86.8,3020
10.9321,16.29,108.0,91.7,2970
10.9629,14.84,111.0,96.2,2924
10.9944,13.04,114.0,101.0,2864
11.058,9.8,116.0,106.2,2798
11.1507,7.26,119.0,111.7,2730
11.2185,2.88,121.0,118.1,2646
11.3019,-1.6,124.0,125.6,2546
11.3825,-5.44,127.0,132.4,2474
11.4614,-8.96,129.0,138.0,2425
11.5518,-11.09,132.0,143.1,2370
11.6234,-12.55,134.0,146.6,2349
11.8092,-14.85,137.0,151.8,2266
11.8379,-19.23,139.0,158.2,2179
11.8702,-22.86,139.0,161.9,2169
11.9363,-23.48,141.0,164.5,2150
12.0302,-25.06,144.0,169.1,2074
12.0976,-27.29,146.0,173.3,2029
12.1794,-29.88,149.0,178.9,1948
12.2788,-28.0,152.0,180.0,1855
12.3416,-26.0,154.0,180.0,1810
12.4328,-23.0,157.0,180.0,1765
12.5033,-21.0,159.0,180.0,1711
12.5911,-18.0,162.0,180.0,1658
12.6652,-16.0,164.0,180.0,1611
12.7761,-13.0,167.0,180.0,1535
12.8386,-11.0,169.0,180.0,1500
12.9052,-9.0,171.0,180.0,1489
12.9916,-6.0,174.0,180.0,1517
13.067,-4.0,176.0,180.0,1491
13.1504,-1.0,179.0,180.0,1468
13.2409,0.0,180.0,180.0,1461
13.303,0.0,180.0,180.0,1456
13.3746,0.0,180.0,180.0,1453
13.4597,0.0,180.0,180.0,1463
13.5238,0.0,180.0,180.0,1455
13.5985,0.0,180.0,180.0,1460
13.681,0.0,180.0,180.0,1457
13.7479,0.0,180.0,180.0,1463
13.8374,0.0,180.0,180.0,1452
13.8995,0.0,180.0,180.0,1458
13.9705,0.0,180.0,180.0,1458
14.0531,0.0,180.0,180.0,1466
14.1188,0.0,180.0,180.0,1454
14.1926,0.0,180.0,180.0,1460
14.2726,0.0,180.0,180.0,1469
14.3408,0.0,180.0,180.0,1465
14.4302,0.0,180.0,180.0,1461
14.4949,0.0,180.0,180.0,1457
14.5647,0.0,180.0,180.0,1451
14.6517,0.0,180.0,180.0,1458
14.7159,0.0,180.0,180.0,1463
14.7883,0.0,180.0,180.0,1463
14.8627,0.0,180.0,180.0,1455
14.9366,0.0,180.0,180.0,1465
15.0289,0.0,180.0,180.0,1457
15.0845,0.0,180.0,180.0,1466
15.1588,0.0,180.0,180.0,1454
15.2456,0.0,180.0,180.0,1463
15.3103,0.0,180.0,180.0,1455
15.3818,0.0,180.0,180.0,1458
15.4661,0.0,180.0,180.0,1466
15.5307,0.0,180.0,180.0,1460
15.6236,0.0,180.0,180.0,1463
15.687,0.0,180.0,180.0,1460
15.7792,0.0,180.0,180.0,1463
15.8464,0.0,180.0,180.0,1454
15.9093,0.0,180.0,180.0,1464
15.999,0.0,180.0,180.0,1471
16.0648,0.0,180.0,180.0,1455
16.1237,0.0,180.0,180.0,1463
16.2204,0.0,180.0,180.0,1458
16.286,0.0,180.0,180.0,1465
16.3632,0.0,180.0,180.0,1462
16.4254,0.0,180.0,180.0,1463
16.4935,0.0,180.0,180.0,1462
16.584,0.0,180.0,180.0,1461
16.6428,0.0,180.0,180.0,1457
16.7174,0.0,180.0,180.0,1459
16.8035,0.0,180.0,180.0,1466
16.8669,0.0,180.0,180.0,1463
16.9586,0.0,180.0,180.0,1465
17.0198,0.0,180.0,180.0,1461
17.0926,0.0,180.0,180.0,1455
17.177,0.0,180.0,180.0,1457
17.2417,0.0,180.0,180.0,1462
17.3323,0.0,180.0,180.0,1455
17.395,0.0,180.0,180.0,1461
17.4644,0.0,180.0,180.0,1459
17.5508,0.0,180.0,180.0,1461
17.6143,0.0,180.0,180.0,1461
17.6867,0.0,180.0,180.0,1451
17.7697,0.0,180.0,180.0,1460
17.8348,0.0,180.0,180.0,1457
17.9266,0.0,180.0,180.0,1458
17.9873,0.0,180.0,180.0,1457
18.0568,0.0,180.0,180.0,1465
18.1477,0.0,180.0,180.0,1479
18.2105,0.0,180.0,180.0,1466
18.2797,0.0,180.0,180.0,1469
18.3654,0.0,180.0,180.0,1463
18.4309,0.0,180.0,180.0,1456
18.5032,0.0,180.0,180.0,1453
18.5861,0.0,180.0,180.0,1458
18.6518,0.0,180.0,180.0,1462
18.751,0.0,180.0,180.0,1455
18.8084,0.0,180.0,180.0,1455
18.8733,0.0,180.0,180.0,1460
18.9636,0.0,180.0,180.0,1454
19.0274,0.0,180.0,180.0,1453
19.0974,0.0,180.0,180.0,1455
19.1851,0.0,180.0,180.0,1460
19.2468,0.0,180.0,180.0,1457
19.3216,0.0,180.0,180.0,1457
19.4038,0.0,180.0,180.0,1457
19.4702,0.0,180.0,180.0,1463
19.5581,0.0,180.0,180.0,1465
19.6212,0.0,180.0,180.0,1467
19.6933,0.0,180.0,180.0,1455
19.7771,0.0,180.0,180.0,1466
19.8411,0.0,180.0,180.0,1460
19.9158,0.0,180.0,180.0,1460
19.9973,0.0,180.0,180.0,1458
20.0649,0.0,180.0,180.0,1455
20.157,0.0,180.0,180.0,1459
20.2181,0.0,180.0,180.0,1455
20.2886,0.0,180.0,180.0,1461
20.3722,0.0,180.0,180.0,1453
20.437,0.0,180.0,180.0,1471
20.5298,0.0,180.0,180.0,1471
20.591,0.0,180.0,180.0,1456
20.6617,0.0,180.0,180.0,1462
20.7453,0.0,180.0,180.0,1460
20.8173,0.0,180.0,180.0,1460
20.8866,0.0,180.0,180.0,1469
20.9654,0.0,180.0,180.0,1461
21.0356,0.0,180.0,180.0,1458
21.1242,0.0,180.0,180.0,1460
21.1855,0.0,180.0,180.0,1457
21.2597,0.0,180.0,180.0,1454
21.342,0.0,180.0,180.0,1456
21.4088,0.0,180.0,180.0,1458
21.4966,0.0,180.0,180.0,1463
21.5609,0.0,180.0,180.0,1456
21.6325,0.0,180.0,180.0,1468
21.7162,0.0,180.0,180.0,1455
21.7826,0.0,180.0,180.0,1463
21.8731,0.0,180.0,180.0,1459
21.9349,0.0,180.0,180.0,1462
22.0071,0.0,180.0,180.0,1457
22.0906,0.0,180.0,180.0,1455
22.1561,0.0,180.0,180.0,1455
22.2422,0.0,180.0,180.0,1461
22.3103,0.0,180.0,180.0,1454
22.3786,0.0,180.0,180.0,1461
22.4686,0.0,180.0,180.0,1465
22.5284,0.0,180.0,180.0,1470
22.6023,0.0,180.0,180.0,1464
22.6815,0.0,180.0,180.0,1465
22.751,0.0,180.0,180.0,1447
22.8386,0.0,180.0,180.0,1463
22.9022,0.0,180.0,180.0,1461
22.9733,0.0,180.0,180.0,1451
23.0578,0.0,180.0,180.0,1455
23.1234,0.0,180.0,180.0,1459
23.1967,0.0,180.0,180.0,1463
23.2818,0.0,180.0,180.0,1462
23.3447,0.0,180.0,180.0,1463
23.4327,0.0,180.0,180.0,1453
23.4983,0.0,180.0,180.0,1454
23.5666,0.0,180.0,180.0,1460
23.6535,0.0,180.0,180.0,1462
23.7177,0.0,180.0,180.0,1456
23.7918,0.0,180.0,180.0,1462
23.8641,0.0,180.0,180.0,1465
23.939,0.0,180.0,180.0,1460
24.0291,0.0,180.0,180.0,1457
24.0903,0.0,180.0,180.0,1460
24.1613,0.0,180.0,180.0,1463
24.2475,0.0,180.0,180.0,1463
24.3103,0.0,180.0,180.0,1458
24.4003,0.0,180.0,180.0,1463
24.4651,0.0,180.0,180.0,1458
24.5335,0.0,180.0,180.0,1458
24.6226,0.0,180.0,180.0,1460
24.6845,0.0,180.0,180.0,1461
24.7557,0.0,180.0,180.0,1455
24.8425,0.0,180.0,180.0,1456
24.9063,0.0,180.0,180.0,1468
24.9795,0.0,180.0,180.0,1465
25.0618,0.0,180.0,180.0,1461
25.128,0.0,180.0,180.0,1457
25.2159,0.0,180.0,180.0,1459
25.2805,0.0,180.0,180.0,1463
25.3525,0.0,180.0,180.0,1455
25.4279,0.0,180.0,180.0,1452
25.5016,0.0,180.0,180.0,1457
25.5763,0.0,180.0,180.0,1452
25.657,0.0,180.0,180.0,1454
25.7239,0.0,180.0,180.0,1463
25.8041,0.0,180.0,180.0,1461
25.8764,0.0,180.0,180.0,1457
25.9477,0.0,180.0,180.0,1453
26.0344,0.0,180.0,180.0,1464
26.0959,0.0,180.0,180.0,1464
26.1705,0.0,180.0,180.0,1468
26.2509,0.0,180.0,180.0,1457
26.3192,0.0,180.0,180.0,1462
26.4021,0.0,180.0,180.0,1455
26.4674,0.0,180.0,180.0,1455
26.5422,0.0,180.0,180.0,1456
26.6256,0.0,180.0,180.0,1461
26.7128,0.0,180.0,180.0,1460
26.7796,0.0,180.0,180.0,1455
26.8715,0.0,180.0,180.0,1452
26.916,0.0,180.0,180.0,1460
26.9912,0.0,180.0,180.0,1467
27.0634,0.0,180.0,180.0,1460
27.154,0.0,180.0,180.0,1463
27.2137,0.0,180.0,180.0,1462
27.287,0.0,180.0,180.0,1460
27.3679,0.0,180.0,180.0,1463
27.4356,0.0,180.0,180.0,1465
27.5187,0.0,180.0,180.0,1459
27.5885,0.0,180.0,180.0,1465
27.6597,0.0,180.0,180.0,1459
27.7447,0.0,180.0,180.0,1463
27.809,0.0,180.0,180.0,1459
27.8811,0.0,180.0,180.0,1464
27.9562,0.0,180.0,180.0,1457
28.0303,0.0,180.0,180.0,1454
28.1221,0.0,180.0,180.0,1463
28.1849,0.0,180.0,180.0,1460
28.2514,0.0,180.0,180.0,1461
28.3398,0.0,180.0,180.0,1463
28.4037,0.0,180.0,180.0,1460
28.4728,0.0,180.0,180.0,1461
28.5578,0.0,180.0,180.0,1460
28.6259,0.0,180.0,180.0,1458
28.6982,0.0,180.0,180.0,1458
28.7741,0.0,180.0,180.0,1455
28.8445,0.0,180.0,180.0,1453
28.9304,0.0,180.0,180.0,1455
28.9945,0.0,180.0,180.0,1457
29.0688,0.0,180.0,180.0,1459
29.1493,0.0,180.0,180.0,1465
29.2176,0.0,180.0,180.0,1457
29.3099,0.0,180.0,180.0,1467
29.3735,0.0,180.0,180.0,1455
29.4415,0.0,180.0,180.0,1460
29.5297,0.0,180.0,180.0,1471
29.593,0.0,180.0,180.0,1462
29.6641,0.0,180.0,180.0,1458
29.7487,0.0,180.0,180.0,1460
29.8153,0.0,180.0,180.0,1458
29.9058,0.0,180.0,180.0,1466
29.9611,0.0,180.0,180.0,1463
30.0354,0.0,180.0,180.0,1456
30.1229,0.0,180.0,180.0,1455
30.1853,0.0,180.0,180.0,1457
30.2586,0.0,180.0,180.0,1459
30.346,0.0,180.0,180.0,1460
30.4087,0.0,180.0,180.0,1469
30.489,0.0,180.0,180.0,1459
30.5556,0.0,180.0,180.0,1463
30.645,0.0,180.0,180.0,1469
30.7102,0.0,180.0,180.0,1459
30.7782,0.0,180.0,180.0,1465
30.869,0.0,180.0,180.0,1462
30.9267,0.0,180.0,180.0,1461
31.001,0.0,180.0,180.0,1468
31.0857,0.0,180.0,180.0,1467
31.1497,0.0,180.0,180.0,1459
31.2397,0.0,180.0,180.0,1463
31.304,0.0,180.0,180.0,1459
31.3741,0.0,180.0,180.0,1463
31.4588,0.0,180.0,180.0,1457
31.5229,0.0,180.0,180.0,1462
31.5976,0.0,180.0,180.0,1449
31.6703,0.0,180.0,180.0,1461
31.7441,0.0,180.0,180.0,1457
31.8345,0.0,180.0,180.0,1460
31.8946,0.0,180.0,180.0,1455
31.9679,0.0,180.0,180.0,1459
32.0537,0.0,180.0,180.0,1455
32.1199,0.0,180.0,180.0,1456
32.1903,0.0,180.0,180.0,1466
32.2735,0.0,180.0,180.0,1462
32.3398,0.0,180.0,180.0,1458
32.4303,0.0,180.0,180.0,1462
32.4915,0.0,180.0,180.0,1455
32.563,0.0,180.0,180.0,1463
32.6512,0.0,180.0,180.0,1457
32.7134,0.0,180.0,180.0,1464
32.7855,0.0,180.0,180.0,1467
32.8723,0.0,180.0,180.0,1467
32.933,0.0,180.0,180.0,1461
33.0231,0.0,180.0,180.0,1460
33.0819,0.0,180.0,180.0,1463
33.1563,0.0,180.0,180.0,1460
33.2419,0.0,180.0,180.0,1455
33.3045,0.0,180.0,180.0,1461
33.3797,0.0,180.0,180.0,1463
33.4612,0.0,180.0,180.0,1466
33.5277,0.0,180.0,180.0,1467
33.6151,0.0,180.0,180.0,1458
33.677,0.0,180.0,180.0,1460
33.7518,0.0,180.0,180.0,1468
33.8335,0.0,180.0,180.0,1459
33.8998,0.0,180.0,180.0,1458
33.992,0.0,180.0,180.0,1458
34.056,0.0,180.0,180.0,1458
34.1228,0.0,180.0,180.0,1461
34.2131,0.0,180.0,180.0,1462
34.2768,0.0,180.0,180.0,1466
34.3444,0.0,180.0,180.0,1465
34.4351,0.0,180.0,180.0,1458
34.4955,0.0,180.0,180.0,1462
34.5675,0.0,180.0,180.0,1458
34.6514,0.0,180.0,180.0,1465
34.7153,0.0,180.0,180.0,1461
34.8052,0.0,180.0,180.0,1466
34.8678,0.0,180.0,180.0,1463
34.9386,0.0,180.0,180.0,1454
35.0289,0.0,180.0,180.0,1464
35.0873,0.0,180.0,180.0,1461
35.1613,0.0,180.0,180.0,1462
35.2355,0.0,180.0,180.0,1464
35.3097,0.0,180.0,180.0,1457
35.3857,0.0,180.0,180.0,1455
35.4676,0.0,180.0,180.0,1458
35.5326,0.0,180.0,180.0,1463
35.607,0.0,180.0,180.0,1463
35.6904,0.0,180.0,180.0,1462
35.7566,0.0,180.0,180.0,1459
35.8424,0.0,180.0,180.0,1465
35.9053,0.0,180.0,180.0,1458
35.9797,0.0,180.0,180.0,1463
36.0606,0.0,180.0,180.0,1463
36.1283,0.0,180.0,180.0,1457
36.2019,0.0,180.0,180.0,1459
36.2827,0.0,180.0,180.0,1442
36.3771,0.0,180.0,180.0,1451
36.4405,0.0,180.0,180.0,1460
36.5026,0.0,180.0,180.0,1463
36.5751,0.0,180.0,180.0,1470
36.6559,0.0,180.0,180.0,1467
36.723,0.0,180.0,180.0,1460
36.8006,0.0,180.0,180.0,1455
36.8766,0.0,180.0,180.0,1463
36.9463,0.0,180.0,180.0,1460
37.0324,0.0,180.0,180.0,1462
37.0954,0.0,180.0,180.0,1468
37.1889,0.0,180.0,180.0,1462
37.2456,0.0,180.0,180.0,1460
37.3199,0.0,180.0,180.0,1464
37.4116,0.0,180.0,180.0,1463
37.4712,0.0,180.0,180.0,1468
37.5408,0.0,180.0,180.0,1459
37.6325,0.0,180.0,180.0,1455
37.6906,0.0,180.0,180.0,1452
37.765,0.0,180.0,180.0,1463
37.8496,0.0,180.0,180.0,1465
37.9138,0.0,180.0,180.0,1455
37.9859,0.0,180.0,180.0,1459
38.0701,0.0,180.0,180.0,1455
38.1345,0.0,180.0,180.0,1462
38.2265,0.0,180.0,180.0,1466
38.2912,0.0,180.0,180.0,1468
38.3575,0.0,180.0,180.0,1457
38.4425,0.0,180.0,180.0,1462
38.5067,0.0,180.0,180.0,1455
38.5989,0.0,180.0,180.0,1455
38.6615,0.0,180.0,180.0,1462
38.7286,0.0,180.0,180.0,1466
38.8177,0.0,180.0,180.0,1455
38.88,0.0,180.0,180.0,1467
38.9708,0.0,180.0,180.0,1462
39.0275,0.0,180.0,180.0,1465
39.102,0.0,180.0,180.0,1462
39.1781,0.0,180.0,180.0,1463
39.2511,0.0,180.0,180.0,1455
39.3356,0.0,180.0,180.0,1462
39.4004,0.0,180.0,180.0,1458
39.4931,0.0,180.0,180.0,1460
39.5537,0.0,180.0,180.0,1464
39.624,0.0,180.0,180.0,1463
39.7152,0.0,180.0,180.0,1460
39.7758,0.0,180.0,180.0,1469
39.8489,0.0,180.0,180.0,1465
39.93,0.0,180.0,180.0,1459
39.9988,0.0,180.0,180.0,1457
40.0887,0.0,180.0,180.0,1456
40.1494,0.0,180.0,180.0,1455
40.2436,0.0,180.0,180.0,1465
40.3063,0.0,180.0,180.0,1458
40.3723,0.0,180.0,180.0,1454
40.462,0.0,180.0,180.0,1453
40.5213,0.0,180.0,180.0,1463
40.595,0.0,180.0,180.0,1466
40.683,0.0,180.0,180.0,1469
40.7477,0.0,180.0,180.0,1469
40.8176,0.0,180.0,180.0,1466
40.904,0.0,180.0,180.0,1465
40.967,0.0,180.0,180.0,1463
41.0585,0.0,180.0,180.0,1455
41.1232,0.0,180.0,180.0,1455
41.1907,0.0,180.0,180.0,1455
41.2787,0.0,180.0,180.0,1467
41.3409,0.0,180.0,180.0,1463
41.4159,0.0,180.0,180.0,1461
41.4977,0.0,180.0,180.0,1461
41.5633,0.0,180.0,180.0,1464
41.6559,0.0,180.0,180.0,1457
41.7208,0.0,180.0,180.0,1458
41.787,0.0,180.0,180.0,1468
41.8735,0.0,180.0,180.0,1454
41.9372,0.0,180.0,180.0,1463
42.0101,0.0,180.0,180.0,1459
42.0925,0.0,180.0,180.0,1470
42.1575,0.0,180.0,180.0,1461
42.2493,0.0,180.0,180.0,1467
42.314,0.0,180.0,180.0,1454
42.3816,0.0,180.0,180.0,1459
42.4708,0.0,180.0,180.0,1470
42.533,0.0,180.0,180.0,1460
42.6045,0.0,180.0,180.0,1454
42.688,0.0,180.0,180.0,1458
42.7532,0.0,180.0,180.0,1460
42.8304,0.0,180.0,180.0,1469
42.9025,0.0,180.0,180.0,1461
42.9764,0.0,180.0,180.0,1460
43.0638,0.0,180.0,180.0,1457
43.1245,0.0,180.0,180.0,1466
43.1974,0.0,180.0,180.0,1463
43.2819,0.0,180.0,180.0,1462
43.3463,0.0,180.0,180.0,1462
43.4209,0.0,180.0,180.0,1458
43.5004,0.0,180.0,180.0,1463
43.5701,0.0,180.0,180.0,1462
43.655,0.0,180.0,180.0,1462
43.7204,0.0,180.0,180.0,1457
43.7948,0.0,180.0,180.0,1460
43.8726,0.0,180.0,180.0,1468
43.9562,0.0,180.0,180.0,1462
44.0203,0.0,180.0,180.0,1459
44.0924,0.0,180.0,180.0,1457
44.1779,0.0,180.0,180.0,1458
44.2405,0.0,180.0,180.0,1463
44.3148,0.0,180.0,180.0,1463
44.3949,0.0,180.0,180.0,1466
44.464,0.0,180.0,180.0,1464
44.5554,0.0,180.0,180.0,1466
44.617,0.0,180.0,180.0,1460
44.6863,0.0,180.0,180.0,1455
44.7724,0.0,180.0,180.0,1462
44.8683,0.0,180.0,180.0,1463
44.9096,0.0,180.0,180.0,1460
44.9951,0.0,180.0,180.0,1456
45.0612,0.0,180.0,180.0,1463
45.133,0.0,180.0,180.0,1455
45.2169,0.0,180.0,180.0,1461
45.2837,0.0,180.0,180.0,1467
45.3706,0.0,180.0,180.0,1470
45.436,0.0,180.0,180.0,1465
45.5037,0.0,180.0,180.0,1471
45.5942,0.0,180.0,180.0,1463
45.6555,0.0,180.0,180.0,1461
45.7283,0.0,180.0,180.0,1470
45.8132,0.0,180.0,180.0,1462
45.8789,0.0,180.0,180.0,1467
45.9557,0.0,180.0,180.0,1465
46.027,0.0,180.0,180.0,1460
46.1151,0.0,180.0,180.0,1454
46.1769,0.0,180.0,180.0,1454
46.2494,0.0,180.0,180.0,1457
46.3469,0.0,180.0,180.0,1460
46.3978,0.0,180.0,180.0,1471
46.5036,0.0,180.0,180.0,1455
46.5476,0.0,180.0,180.0,1465
46.629,0.0,180.0,180.0,1461
46.6972,0.0,180.0,180.0,1462
46.7725,0.0,180.0,180.0,1468
46.8464,0.0,180.0,180.0,1455
46.939,0.0,180.0,180.0,1461
46.9962,0.0,180.0,180.0,1474
47.0704,0.0,180.0,180.0,1463
47.155,0.0,180.0,180.0,1467
47.2194,0.0,180.0,180.0,1463
47.2927,0.0,180.0,180.0,1460
47.3664,0.0,180.0,180.0,1460
47.4411,0.0,180.0,180.0,1465
47.5337,0.0,180.0,180.0,1468
47.5909,0.0,180.0,180.0,1461
47.6657,0.0,180.0,180.0,1463
47.7537,0.0,180.0,180.0,1459
47.8341,0.0,180.0,180.0,1465
47.9101,0.0,180.0,180.0,1463
47.9629,0.0,180.0,180.0,1471
48.0386,0.0,180.0,180.0,1457
48.1281,0.0,180.0,180.0,1458
48.1935,0.0,180.0,180.0,1457
48.263,0.0,180.0,180.0,1461
48.3371,0.0,180.0,180.0,1460
48.4257,0.0,180.0,180.0,1452
48.4884,0.0,180.0,180.0,1465
48.56,0.0,180.0,180.0,1463
48.6456,0.0,180.0,180.0,1464
48.7139,0.0,180.0,180.0,1467
48.783,0.0,180.0,180.0,1463
48.8667,0.0,180.0,180.0,1464
48.933,0.0,180.0,180.0,1461
49.0232,0.0,180.0,180.0,1461
49.0882,0.0,180.0,180.0,1466
49.1806,0.0,180.0,180.0,1469
49.2415,0.0,180.0,180.0,1463
49.3067,0.0,180.0,180.0,1462
49.3995,0.0,180.0,180.0,1460
49.4622,0.0,180.0,180.0,1460
49.5292,0.0,180.0,180.0,1468
49.6214,0.0,180.0,180.0,1458
49.6829,0.0,180.0,180.0,1463
49.7519,0.0,180.0,180.0,1465
49.8404,0.0,180.0,180.0,1463
49.9019,0.0,180.0,180.0,1471
49.9759,0.0,180.0,180.0,1465
50.0595,0.0,180.0,180.0,1458
50.1237,0.0,180.0,180.0,1463
50.211,0.0,180.0,180.0,1455
50.2816,0.0,180.0,180.0,1455
50.3488,0.0,180.0,180.0,1467
50.4364,0.0,180.0,180.0,1455
50.5036,0.0,180.0,180.0,1459
50.5703,0.0,180.0,180.0,1465
50.6895,0.0,180.0,180.0,1461
50.7206,0.0,180.0,180.0,1464
50.7945,0.0,180.0,180.0,1461
50.8777,0.0,180.0,180.0,1461
50.9441,0.0,180.0,180.0,1463
51.0192,0.0,180.0,180.0,1460
51.095,0.0,180.0,180.0,1463
51.1683,0.0,180.0,180.0,1458
51.2433,0.0,180.0,180.0,1468
51.3457,0.0,180.0,180.0,1455
51.443,0.0,180.0,180.0,1460
51.4759,0.0,180.0,180.0,1455
51.5397,0.0,180.0,180.0,1460
51.6243,0.0,180.0,180.0,1463
51.6871,0.0,180.0,180.0,1461
51.7622,0.0,180.0,180.0,1460
51.8426,0.0,180.0,180.0,1466
51.911,0.0,180.0,180.0,1463
51.9994,0.0,180.0,180.0,1467
52.0638,0.0,180.0,180.0,1462
52.1577,0.0,180.0,180.0,1459
52.2184,0.0,180.0,180.0,1454
52.2844,0.0,180.0,180.0,1463
52.3564,0.0,180.0,180.0,1459
52.4309,0.0,180.0,180.0,1459
52.5064,0.0,180.0,180.0,1462
52.5945,0.0,180.0,180.0,1464
52.6551,0.0,180.0,180.0,1468
52.7497,0.0,180.0,180.0,1462
52.8112,0.0,180.0,180.0,1466
52.8761,0.0,180.0,180.0,1461
52.9639,0.0,180.0,180.0,1455
53.0279,0.0,180.0,180.0,1462
53.0992,0.0,180.0,180.0,1455
53.1737,0.0,180.0,180.0,1462
53.2765,0.0,180.0,180.0,1460
53.3416,0.0,180.0,180.0,1463
