arduino_time,omega1,omega2,omega3,omega4,omega1_f,omega2_f,omega3_f,omega4_f
22664306.0,0.0,0.0,0.0,0.0,0.0,0.0,0.0,0.0
22696454.0,0.0,0.0,0.0,0.0,0.0,0.0,0.0,0.0
22728399.0,0.0,0.0,0.0,0.0,0.0,0.0,0.0,0.0
22760184.0,0.0,0.0,0.0,0.0,0.0,0.0,0.0,0.0
22795432.0,0.0,0.0,0.0,0.0,0.0,0.0,0.0,0.0
22829971.0,0.0,0.0,0.0,0.0,0.0,0.0,0.0,0.0
22862117.0,0.0,0.0,0.0,0.0,0.0,0.0,0.0,0.0
22893989.0,0.0,0.0,0.0,0.0,0.0,0.0,0.0,0.0
22925106.0,0.0,0.0,0.0,0.0,0.0,0.0,0.0,0.0
22957224.0,0.0,0.0,0.0,0.0,0.0,0.0,0.0,0.0
22989289.0,0.0,0.0,0.0,0.0,0.0,0.0,0.0,0.0
23021726.0,0.0,0.0,0.0,0.0,0.0,0.0,0.0,0.0
23053345.0,0.0,0.0,0.0,0.0,0.0,0.0,0.0,0.0
23085545.0,0.0,0.0,0.0,0.0,0.0,0.0,0.0,0.0
23117508.0,0.0,0.0,0.0,0.0,0.0,0.0,0.0,0.0
23149872.0,0.0,0.0,0.0,0.0,0.0,0.0,0.0,0.0
23183410.0,0.0,0.0,0.0,0.0,0.0,0.0,0.0,0.0
23215929.0,0.0,0.0,0.0,0.0,0.0,0.0,0.0,0.0
23248397.0,0.0,0.0,0.0,0.0,0.0,0.0,0.0,0.0
23280434.0,0.0,0.0,0.0,0.0,0.0,0.0,0.0,0.0
23312372.0,0.0,0.0,0.0,0.0,0.0,0.0,0.0,0.0
23344652.0,0.0,0.0,0.0,0.0,0.0,0.0,0.0,0.0
23377144.0,0.0,0.0,0.0,0.0,0.0,0.0,0.0,0.0
23409527.0,0.0,0.0,0.0,0.0,0.0,0.0,0.0,0.0
23441326.0,0.0,0.0,0.0,0.0,0.0,0.0,0.0,0.0
23473516.0,0.0,0.0,0.0,0.0,0.0,0.0,0.0,0.0
23505227.0,0.0,0.0,0.0,0.0,0.0,0.0,0.0,0.0
23537805.0,0.0,0.0,0.0,0.0,0.0,0.0,0.0,0.0
23569596.0,0.0,0.0,0.0,0.0,0.0,0.0,0.0,0.0
23601898.0,0.0,0.0,0.0,0.0,0.0,0.0,0.0,0.0
23633697.0,0.0,0.0,0.0,0.0,0.0,0.0,0.0,0.0
23713878.0,0.0,0.0,0.0,0.0,0.0,0.0,0.0,0.0
23746103.0,0.0,0.0,0.0,0.0,0.0,0.0,0.0,0.0
23777778.0,0.0,0.0,0.0,0.0,0.0,0.0,0.0,0.0
23809881.0,0.0,0.0,0.0,0.0,0.0,0.0,0.0,0.0
23841657.0,0.0,0.0,0.0,0.0,0.0,0.0,0.0,0.0
23873703.0,0.0,0.0,0.0,0.0,0.0,0.0,0.0,0.0
23905716.0,0.0,0.0,0.0,0.0,0.0,0.0,0.0,0.0
23937868.0,0.0,0.0,0.0,0.0,0.0,0.0,0.0,0.0
23969633.0,0.0,0.0,0.0,0.0,0.0,0.0,0.0,0.0
24001328.0,0.0,0.0,0.0,0.0,0.0,0.0,0.0,0.0
24033658.0,0.0,0.0,0.0,0.0,0.0,0.0,0.0,0.0
24065850.0,0.0,0.0,0.0,0.0,0.0,0.0,0.0,0.0
24097374.0,0.0,0.0,0.0,0.0,0.0,0.0,0.0,0.0
24129268.0,0.0,0.0,0.0,0.0,0.0,0.0,0.0,0.0
24161512.0,0.0,0.0,0.0,0.0,0.0,0.0,0.0,0.0
24193503.0,0.0,0.0,0.0,0.0,0.0,0.0,0.0,0.0
24228329.0,0.0,0.0,0.0,0.0,0.0,0.0,0.0,0.0
24263986.0,0.0,0.0,0.0,0.0,0.0,0.0,0.0,0.0
24296499.0,0.0,0.0,0.0,0.0,0.0,0.0,0.0,0.0
24328114.0,0.0,0.0,0.0,0.0,0.0,0.0,0.0,0.0
24360233.0,0.0,0.0,0.0,0.0,0.0,0.0,0.0,0.0
24392070.0,0.0,0.0,0.0,0.0,0.0,0.0,0.0,0.0
24424293.0,0.0,0.0,0.0,0.0,0.0,0.0,0.0,0.0
24456408.0,0.0,0.0,0.0,0.0,0.0,0.0,0.0,0.0
24487471.0,0.0,0.0,0.0,0.0,0.0,0.0,0.0,0.0
24518762.0,0.0,0.0,0.0,0.0,0.0,0.0,0.0,0.0
24550846.0,0.0,0.0,0.0,0.0,0.0,0.0,0.0,0.0
24583291.0,0.0,0.0,0.0,0.0,0.0,0.0,0.0,0.0
24614882.0,0.0,0.0,0.0,0.0,0.0,0.0,0.0,0.0
24647302.0,0.0,0.0,0.0,0.0,0.0,0.0,0.0,0.0
24679070.0,0.0,0.0,0.0,0.0,0.0,0.0,0.0,0.0
24711560.0,0.0,0.0,0.0,0.0,0.0,0.0,0.0,0.0
24743428.0,0.0,0.0,0.0,0.0,0.0,0.0,0.0,0.0
24777261.0,0.0,0.0,0.0,0.0,0.0,0.0,0.0,0.0
24809280.0,0.0,0.0,0.0,0.0,0.0,0.0,0.0,0.0
24840292.0,0.0,0.0,0.0,0.0,0.0,0.0,0.0,0.0
24872632.0,0.0,0.0,0.0,0.0,0.0,0.0,0.0,0.0
24904849.0,0.0,0.0,0.0,0.0,0.0,0.0,0.0,0.0
24936037.0,0.0,0.0,0.0,0.0,0.0,0.0,0.0,0.0
24967896.0,0.0,0.0,0.0,0.0,0.0,0.0,0.0,0.0
24999840.0,0.0,0.0,0.0,0.0,0.0,0.0,0.0,0.0
25031029.0,0.0,0.0,0.0,0.0,0.0,0.0,0.0,0.0
25063425.0,0.0,0.0,0.0,0.0,0.0,0.0,0.0,0.0
25095285.0,0.0,0.0,0.0,0.0,0.0,0.0,0.0,0.0
25127296.0,0.0,0.0,0.0,0.0,0.0,0.0,0.0,0.0
25159329.0,0.0,0.0,0.0,0.0,0.0,0.0,0.0,0.0
25191067.0,0.0,0.0,0.0,0.0,0.0,0.0,0.0,0.0
25222971.0,0.0,0.0,0.0,0.0,0.0,0.0,0.0,0.0
25254764.0,0.0,0.0,0.0,0.0,0.0,0.0,0.0,0.0
25286085.0,0.0,0.0,0.0,0.0,0.0,0.0,0.0,0.0
25317067.0,0.0,0.0,0.0,0.0,0.0,0.0,0.0,0.0
25348000.0,0.0,0.0,0.0,0.0,0.0,0.0,0.0,0.0
25379214.0,0.0,0.0,0.0,0.0,0.0,0.0,0.0,0.0
25411216.0,0.0,0.0,0.0,0.0,0.0,0.0,0.0,0.0
25442663.0,0.0,0.0,0.0,0.0,0.0,0.0,0.0,0.0
25473672.0,0.0,0.0,0.0,0.0,0.0,0.0,0.0,0.0
25506105.0,0.0,0.0,0.0,0.0,0.0,0.0,0.0,0.0
25538161.0,0.0,0.0,0.0,0.0,0.0,0.0,0.0,0.0
25569528.0,0.0,0.0,0.0,0.0,0.0,0.0,0.0,0.0
25601577.0,0.0,0.0,0.0,0.0,0.0,0.0,0.0,0.0
25633183.0,0.0,0.0,0.0,0.0,0.0,0.0,0.0,0.0
25714015.0,0.0,0.0,0.0,0.0,0.0,0.0,0.0,0.0
25745946.0,0.0,0.0,0.0,0.0,0.0,0.0,0.0,0.0
25777736.0,0.0,0.0,0.0,0.0,0.0,0.0,0.0,0.0
25809524.0,0.0,0.0,0.0,0.0,0.0,0.0,0.0,0.0
25841657.0,0.0,0.0,0.0,0.0,0.0,0.0,0.0,0.0
25872698.0,0.0,0.0,0.0,0.0,0.0,0.0,0.0,0.0
25904492.0,0.0,0.0,0.0,0.0,0.0,0.0,0.0,0.0
25937218.0,0.0,0.0,0.0,0.0,0.0,0.0,0.0,0.0
25969505.0,0.0,0.0,0.0,0.0,0.0,0.0,0.0,0.0
26000633.0,0.0,0.0,0.0,0.0,0.0,0.0,0.0,0.0
26033099.0,0.0,0.0,0.0,0.0,0.0,0.0,0.0,0.0
26065090.0,0.0,0.0,0.0,0.0,0.0,0.0,0.0,0.0
26095543.0,0.0,0.0,0.0,0.0,0.0,0.0,0.0,0.0
26127777.0,0.0,0.0,0.0,0.0,0.0,0.0,0.0,0.0
26158746.0,0.0,0.0,0.0,0.0,0.0,0.0,0.0,0.0
26189833.0,0.0,0.0,0.0,0.0,0.0,0.0,0.0,0.0
26221448.0,0.0,0.0,0.0,0.0,0.0,0.0,0.0,0.0
26253587.0,0.0,0.0,0.0,0.0,0.0,0.0,0.0,0.0
26284620.0,0.0,0.0,0.0,0.0,0.0,0.0,0.0,0.0
26316785.0,0.0,0.0,0.0,0.0,0.0,0.0,0.0,0.0
26349043.0,0.0,0.0,0.0,0.0,0.0,0.0,0.0,0.0
26381263.0,0.0,0.0,0.0,0.0,0.0,0.0,0.0,0.0
26412105.0,0.0,0.0,0.0,0.0,0.0,0.0,0.0,0.0
26444046.0,0.0,0.0,0.0,0.0,0.0,0.0,0.0,0.0
26475510.0,0.0,0.0,0.0,0.0,0.0,0.0,0.0,0.0
26506396.0,0.0,0.0,0.0,0.0,0.0,0.0,0.0,0.0
26537435.0,0.0,0.0,0.0,0.0,0.0,0.0,0.0,0.0
26569299.0,0.0,0.0,0.0,0.0,0.0,0.0,0.0,0.0
26600851.0,0.0,0.0,0.0,0.0,0.0,0.0,0.0,0.0
26633136.0,0.0,0.0,0.0,0.0,0.0,0.0,0.0,0.0
26663976.0,0.0,0.0,0.0,0.0,0.0,0.0,0.0,0.0
26695614.0,0.0,0.0,0.0,0.0,0.0,0.0,0.0,0.0
26727187.0,0.0,0.0,0.0,0.0,0.0,0.0,0.0,0.0
26758175.0,0.0,0.0,0.0,0.0,0.0,0.0,0.0,0.0
26789138.0,0.0,0.0,0.0,0.0,0.0,0.0,0.0,0.0
26820801.0,0.0,0.0,0.0,0.0,0.0,0.0,0.0,0.0
26852386.0,0.0,0.0,0.0,0.0,0.0,0.0,0.0,0.0
26883877.0,0.0,0.0,0.0,0.0,0.0,0.0,0.0,0.0
26915403.0,0.0,0.0,0.0,0.0,0.0,0.0,0.0,0.0
26947194.0,0.0,0.0,0.0,0.0,0.0,0.0,0.0,0.0
26978743.0,0.0,0.0,0.0,0.0,0.0,0.0,0.0,0.0
27010630.0,0.0,0.0,0.0,0.0,0.0,0.0,0.0,0.0
27042267.0,0.0,0.0,0.0,0.0,0.0,0.0,0.0,0.0
27072906.0,0.0,0.0,0.0,0.0,0.0,0.0,0.0,0.0
27103644.0,0.0,0.0,0.0,0.0,0.0,0.0,0.0,0.0
27134500.0,0.0,0.0,0.0,0.0,0.0,0.0,0.0,0.0
27165166.0,0.0,0.0,0.0,0.0,0.0,0.0,0.0,0.0
27197478.0,0.0,0.0,0.0,0.0,0.0,0.0,0.0,0.0
27228918.0,0.0,0.0,0.0,0.0,0.0,0.0,0.0,0.0
27260607.0,0.0,0.0,0.0,0.0,0.0,0.0,0.0,0.0
27292169.0,0.0,0.0,0.0,0.0,0.0,0.0,0.0,0.0
27322905.0,0.0,0.0,0.0,0.0,0.0,0.0,0.0,0.0
27354716.0,0.0,0.0,0.0,0.0,0.0,0.0,0.0,0.0
27385649.0,0.0,0.0,0.0,0.0,0.0,0.0,0.0,0.0
27417096.0,0.0,0.0,0.0,0.0,0.0,0.0,0.0,0.0
27448787.0,0.0,0.0,0.0,0.0,0.0,0.0,0.0,0.0
27480328.0,0.0,0.0,0.0,0.0,0.0,0.0,0.0,0.0
27511779.0,0.0,0.0,0.0,0.0,0.0,0.0,0.0,0.0
27542507.0,0.0,0.0,0.0,0.0,0.0,0.0,0.0,0.0
27574499.0,0.0,0.0,0.0,0.0,0.0,0.0,0.0,0.0
27606190.0,0.0,0.0,0.0,0.0,0.0,0.0,0.0,0.0
27637075.0,0.0,0.0,0.0,0.0,0.0,0.0,0.0,0.0
27716430.0,0.0,0.0,0.0,0.0,0.0,0.0,0.0,0.0
27748105.0,0.0,0.0,0.0,0.0,0.0,0.0,0.0,0.0
27779892.0,0.0,0.0,0.0,0.0,0.0,0.0,0.0,0.0
27811439.0,0.0,0.0,0.0,0.0,0.0,0.0,0.0,0.0
27843222.0,0.0,0.0,0.0,0.0,0.0,0.0,0.0,0.0
27874874.0,0.0,0.0,0.0,0.0,0.0,0.0,0.0,0.0
27906363.0,0.0,0.0,0.0,0.0,0.0,0.0,0.0,0.0
27938001.0,0.0,0.0,0.0,0.0,0.0,0.0,0.0,0.0
27969416.0,0.0,0.0,0.0,0.0,0.0,0.0,0.0,0.0
28001052.0,0.0,0.0,0.0,1.79,0.0,0.0,0.0,0.36
28032784.0,0.0,0.0,0.0,4.45,0.0,0.0,0.0,1.18
28064357.0,0.0,0.0,0.0,5.34,0.0,0.0,0.0,2.01
28095824.0,0.0,0.0,0.0,7.13,0.0,0.0,0.0,3.03
28126552.0,0.0,0.0,0.0,7.18,0.0,0.0,0.0,3.86
28157998.0,0.0,0.0,0.0,9.14,0.0,0.0,0.0,4.92
28189555.0,0.0,0.0,0.0,8.96,0.0,0.0,0.0,5.73
28221456.0,0.0,0.0,0.0,8.89,0.0,0.0,0.0,6.36
28253035.0,0.0,0.0,0.0,10.59,0.0,0.0,0.0,7.21
28284550.0,0.0,0.0,0.0,9.84,0.0,0.0,0.0,7.73
28316077.0,0.0,0.0,0.0,9.89,0.0,0.0,0.0,8.16
28347779.0,0.0,0.0,0.0,8.92,0.0,0.0,0.0,8.31
28379319.0,0.0,0.0,0.0,8.01,0.0,0.0,0.0,8.25
28410984.0,0.0,0.0,0.0,7.14,0.0,0.0,0.0,8.03
28442531.0,0.0,0.0,0.0,6.21,0.0,0.0,0.0,7.67
28474169.0,0.0,0.0,0.0,5.35,0.0,0.0,0.0,7.2
28505888.0,0.0,0.0,0.0,5.36,0.0,0.0,0.0,6.84
28537752.0,0.0,0.0,0.0,3.53,0.0,0.0,0.0,6.18
28568692.0,0.0,0.0,0.0,1.76,0.0,0.0,0.0,5.29
28600311.0,0.0,0.0,0.0,0.0,0.0,0.0,0.0,4.23
28632565.0,0.0,0.0,0.0,0.0,0.0,0.0,0.0,3.39
28664132.0,0.0,0.0,0.0,0.0,0.0,0.0,0.0,2.71
28695676.0,0.0,0.0,0.0,0.0,0.0,0.0,0.0,2.17
28727209.0,0.0,0.0,0.0,0.0,0.0,0.0,0.0,1.73
28758800.0,0.0,0.0,0.0,0.0,0.0,0.0,0.0,1.39
28790241.0,0.0,0.0,0.0,0.0,0.0,0.0,0.0,1.11
28821811.0,0.0,0.0,0.0,0.0,0.0,0.0,0.0,0.89
28853477.0,0.0,0.0,0.0,0.0,0.0,0.0,0.0,0.71
28885150.0,0.0,0.0,0.0,0.0,0.0,0.0,0.0,0.57
28916673.0,0.0,0.0,0.0,0.0,0.0,0.0,0.0,0.45
28948199.0,0.0,0.0,0.0,0.0,0.0,0.0,0.0,0.36
28979794.0,0.0,0.0,0.0,0.0,0.0,0.0,0.0,0.29
29011240.0,0.0,0.0,0.0,0.0,0.0,0.0,0.0,0.23
29042784.0,0.0,0.0,0.0,0.0,0.0,0.0,0.0,0.19
29074477.0,0.0,0.0,0.0,0.0,0.0,0.0,0.0,0.15
29105969.0,0.0,0.0,0.0,0.0,0.0,0.0,0.0,0.12
29137776.0,0.0,0.0,0.0,0.0,0.0,0.0,0.0,0.1
29169617.0,0.0,0.0,0.0,0.0,0.0,0.0,0.0,0.08
29201107.0,0.0,0.0,0.0,0.0,0.0,0.0,0.0,0.06
29232813.0,0.0,0.0,0.0,0.0,0.0,0.0,0.0,0.05
29264379.0,0.0,0.0,0.0,0.0,0.0,0.0,0.0,0.04
29295848.0,0.0,0.0,0.0,0.0,0.0,0.0,0.0,0.03
29327628.0,0.0,0.0,0.0,0.0,0.0,0.0,0.0,0.02
29359400.0,0.0,0.0,0.0,0.0,0.0,0.0,0.0,0.02
29391139.0,0.0,0.0,0.0,0.0,0.0,0.0,0.0,0.02
29422875.0,0.0,0.0,0.0,0.0,0.0,0.0,0.0,0.01
29454318.0,0.0,0.0,0.0,0.0,0.0,0.0,0.0,0.01
29486384.0,0.0,0.0,0.0,0.0,0.0,0.0,0.0,0.01
29518555.0,0.0,0.0,0.0,0.0,0.0,0.0,0.0,0.01
29550512.0,0.0,0.0,0.0,0.0,0.0,0.0,0.0,0.01
29582878.0,0.0,0.0,0.0,0.0,0.0,0.0,0.0,0.0
29614647.0,0.0,0.0,0.0,0.0,0.0,0.0,0.0,0.0
29646268.0,0.0,0.0,0.0,0.0,0.0,0.0,0.0,0.0
29726394.0,0.0,0.0,0.0,0.0,0.0,0.0,0.0,0.0
29757932.0,0.0,0.0,0.0,0.0,0.0,0.0,0.0,0.0
29789699.0,0.0,0.0,0.0,1.78,0.0,0.0,0.0,0.36
29823738.0,0.0,0.0,0.0,4.45,0.0,0.0,0.0,1.18
29855579.0,0.0,0.0,0.0,5.81,0.0,0.0,0.0,2.1
29887317.0,0.0,0.0,0.0,8.77,0.0,0.0,0.0,3.44
29918857.0,0.0,0.0,0.0,10.72,0.0,0.0,0.0,4.89
29950466.0,0.0,0.0,0.0,12.52,0.0,0.0,0.0,6.42
29981961.0,0.0,0.0,0.0,14.27,0.0,0.0,0.0,7.99
30013427.0,0.0,0.0,0.0,14.34,0.0,0.0,0.0,9.26
30044122.0,0.0,0.0,0.0,13.39,0.0,0.0,0.0,10.08
30075692.0,0.0,0.0,0.0,11.93,0.0,0.0,0.0,10.45
30106334.0,0.0,0.0,0.0,8.93,0.0,0.0,0.0,10.15
30137134.0,0.0,0.0,0.0,6.41,0.0,0.0,0.0,9.4
30169035.0,0.0,0.0,0.0,3.63,0.0,0.0,0.0,8.25
30200635.0,0.0,0.0,0.0,1.78,0.0,0.0,0.0,6.95
30232285.0,0.0,0.0,0.0,0.0,0.0,0.0,0.0,5.56
30263676.0,0.0,0.0,0.0,0.0,0.0,0.0,0.0,4.45
30294320.0,0.0,0.0,0.0,0.0,0.0,0.0,0.0,3.56
30325536.0,0.0,0.0,0.0,0.0,0.0,0.0,0.0,2.85
30357321.0,0.0,0.0,0.0,0.0,0.0,0.0,0.0,2.28
30389269.0,0.0,0.0,0.0,0.0,0.0,0.0,0.0,1.82
30421132.0,0.0,0.0,0.0,0.0,0.0,0.0,0.0,1.46
30452820.0,0.0,0.0,0.0,0.0,0.0,0.0,0.0,1.17
30484942.0,0.0,0.0,0.0,0.0,0.0,0.0,0.0,0.93
30516898.0,0.0,0.0,0.0,0.0,0.0,0.0,0.0,0.75
30548993.0,0.0,0.0,0.0,0.0,0.0,0.0,0.0,0.6
30580826.0,0.0,0.0,0.0,0.0,0.0,0.0,0.0,0.48
30612475.0,0.0,0.0,0.0,0.0,0.0,0.0,0.0,0.38
30644181.0,0.0,0.0,0.0,0.0,0.0,0.0,0.0,0.31
30675884.0,0.0,0.0,0.0,0.0,0.0,0.0,0.0,0.24
30707679.0,0.0,0.0,0.0,0.0,0.0,0.0,0.0,0.2
30739552.0,0.0,0.0,0.0,0.0,0.0,0.0,0.0,0.16
30771069.0,0.0,0.0,0.0,0.0,0.0,0.0,0.0,0.13
30802787.0,0.0,0.0,0.0,0.0,0.0,0.0,0.0,0.1
30837158.0,0.0,0.0,0.0,0.0,0.0,0.0,0.0,0.08
30871649.0,0.0,0.0,0.0,0.0,0.0,0.0,0.0,0.06
30905687.0,0.0,0.0,0.0,0.0,0.0,0.0,0.0,0.05
30937432.0,0.0,0.0,0.0,0.0,0.0,0.0,0.0,0.04
30969181.0,0.0,0.0,0.0,0.0,0.0,0.0,0.0,0.03
31001592.0,0.0,0.0,0.0,0.0,0.0,0.0,0.0,0.03
31036246.0,0.0,0.0,0.0,0.0,0.0,0.0,0.0,0.02
31068090.0,0.0,0.0,0.0,0.0,0.0,0.0,0.0,0.02
31099854.0,0.0,0.0,0.0,0.0,0.0,0.0,0.0,0.01
31131403.0,0.0,0.0,0.0,0.0,0.0,0.0,0.0,0.01
31163918.0,0.0,0.0,0.0,0.0,0.0,0.0,0.0,0.01
31194959.0,0.0,0.0,0.0,0.0,0.0,0.0,0.0,0.01
31226481.0,0.0,0.0,0.0,0.0,0.0,0.0,0.0,0.01
31258005.0,0.0,0.0,0.0,0.0,0.0,0.0,0.0,0.0
31289689.0,0.0,0.0,0.0,0.89,0.0,0.0,0.0,0.18
31308939.0,0.0,0.0,0.0,1.78,0.0,0.0,0.0,0.5
31340488.0,0.0,0.0,0.0,2.92,0.0,0.0,0.0,0.99
31360002.0,0.0,0.0,0.0,6.26,0.0,0.0,0.0,2.04
31379461.0,0.0,0.0,0.0,8.64,0.0,0.0,0.0,3.36
31398868.0,0.0,0.0,0.0,8.69,0.0,0.0,0.0,4.43
31430363.0,0.0,0.0,0.0,10.2,0.0,0.0,0.0,5.58
31449964.0,0.0,0.0,0.0,9.81,0.0,0.0,0.0,6.43
31481463.0,0.0,0.0,0.0,10.08,0.0,0.0,0.0,7.16
31513163.0,0.0,0.0,0.0,10.75,0.0,0.0,0.0,7.88
31532556.0,0.0,0.0,0.0,10.64,0.0,0.0,0.0,8.43
31552470.0,0.0,0.0,0.0,11.66,0.0,0.0,0.0,9.07
31576545.0,0.0,0.0,0.0,12.66,0.0,0.0,0.0,9.79
31608700.0,0.0,0.0,0.0,11.68,0.0,0.0,0.0,10.17
31628442.0,0.0,0.0,0.0,10.55,0.0,0.0,0.0,10.25
31648030.0,0.0,0.0,0.0,10.01,0.0,0.0,0.0,10.2
31715966.0,0.0,0.0,0.0,8.3,0.0,0.0,0.0,9.82
31735679.0,0.0,0.0,0.0,5.75,0.0,0.0,0.0,9.0
31755236.0,0.0,0.0,0.0,5.68,0.0,0.0,0.0,8.34
31774732.0,0.0,0.0,0.0,2.91,0.0,0.0,0.0,7.25
31794246.0,0.0,0.0,0.0,1.43,0.0,0.0,0.0,6.09
31813678.0,0.0,0.0,0.0,0.0,0.0,0.0,0.0,4.87
31833254.0,0.0,0.0,0.0,0.0,0.0,0.0,0.0,3.9
31852890.0,0.0,0.0,0.0,0.0,0.0,0.0,0.0,3.12
31871267.0,0.0,0.0,0.0,0.0,0.0,0.0,0.0,2.49
31890727.0,0.0,0.0,0.0,0.0,0.0,0.0,0.0,2.0
31910171.0,0.0,0.0,0.0,0.0,0.0,0.0,0.0,1.6
31929557.0,0.0,0.0,0.0,0.0,0.0,0.0,0.0,1.28
31948917.0,0.0,0.0,0.0,0.0,0.0,0.0,0.0,1.02
31967361.0,0.0,0.0,0.0,0.0,0.0,0.0,0.0,0.82
31986762.0,0.0,0.0,0.0,0.0,0.0,0.0,0.0,0.65
32006143.0,0.0,0.0,0.0,0.0,0.0,0.0,0.0,0.52
32025640.0,0.0,0.0,0.0,0.0,0.0,0.0,0.0,0.42
32045348.0,0.0,0.0,0.0,0.0,0.0,0.0,0.0,0.33
32064924.0,0.0,0.0,0.0,0.0,0.0,0.0,0.0,0.27
32084473.0,0.0,0.0,0.0,0.0,0.0,0.0,0.0,0.21
32103790.0,0.0,0.0,0.0,0.0,0.0,0.0,0.0,0.17
32123197.0,0.0,0.0,0.0,0.0,0.0,0.0,0.0,0.14
32142884.0,0.0,0.0,0.0,0.0,0.0,0.0,0.0,0.11
32162242.0,0.0,0.0,0.0,0.0,0.0,0.0,0.0,0.09
32181976.0,0.0,0.0,0.0,0.0,0.0,0.0,0.0,0.07
32201320.0,0.0,0.0,0.0,0.0,0.0,0.0,0.0,0.06
32220781.0,0.0,0.0,0.0,0.0,0.0,0.0,0.0,0.04
32240202.0,0.0,0.0,0.0,0.0,0.0,0.0,0.0,0.04
32259465.0,0.0,0.0,0.0,0.0,0.0,0.0,0.0,0.03
32278804.0,0.0,0.0,0.0,0.0,0.0,0.0,0.0,0.02
32298473.0,0.0,0.0,0.0,0.0,0.0,0.0,0.0,0.02
32317532.0,0.0,0.0,0.0,0.0,0.0,0.0,0.0,0.01
32336618.0,0.0,0.0,0.0,0.0,0.0,0.0,0.0,0.01
32356218.0,0.0,0.0,0.0,0.0,0.0,0.0,0.0,0.01
32375859.0,0.0,0.0,0.0,0.0,0.0,0.0,0.0,0.01
32395926.0,0.0,0.0,0.0,0.0,0.0,0.0,0.0,0.01
32415806.0,0.0,0.0,0.0,0.0,0.0,0.0,0.0,0.0
32436309.0,0.0,0.0,0.0,0.0,0.0,0.0,0.0,0.0
32455868.0,0.0,0.0,0.0,0.0,0.0,0.0,0.0,0.0
32475452.0,0.0,0.0,0.0,0.0,0.0,0.0,0.0,0.0
32495245.0,0.0,0.0,0.0,0.0,0.0,0.0,0.0,0.0
32514925.0,0.0,0.0,0.0,0.0,0.0,0.0,0.0,0.0
32535444.0,0.0,0.0,0.0,0.0,0.0,0.0,0.0,0.0
32555873.0,0.0,0.0,0.0,0.0,0.0,0.0,0.0,0.0
32575322.0,0.0,0.0,0.0,0.0,0.0,0.0,0.0,0.0
32594859.0,0.0,0.0,0.0,0.0,0.0,0.0,0.0,0.0
32614696.0,0.0,0.0,0.0,0.0,0.0,0.0,0.0,0.0
32634303.0,0.0,0.0,0.0,0.0,0.0,0.0,0.0,0.0
32653938.0,0.0,0.0,0.0,0.0,0.0,0.0,0.0,0.0
32673440.0,0.0,0.0,0.0,0.0,0.0,0.0,0.0,0.0
32692724.0,0.0,0.0,0.0,0.0,0.0,0.0,0.0,0.0
32712270.0,0.0,0.0,0.0,0.0,0.0,0.0,0.0,0.0
32732221.0,0.0,0.0,0.0,0.0,0.0,0.0,0.0,0.0
32752393.0,0.0,0.0,0.0,0.0,0.0,0.0,0.0,0.0
32772557.0,0.0,0.0,0.0,0.0,0.0,0.0,0.0,0.0
32792038.0,0.0,0.0,0.0,0.0,0.0,0.0,0.0,0.0
32811984.0,0.0,0.0,0.0,0.0,0.0,0.0,0.0,0.0
32832020.0,0.0,0.0,0.0,0.0,0.0,0.0,0.0,0.0
32852196.0,0.0,0.0,0.0,0.0,0.0,0.0,0.0,0.0
32872076.0,0.0,0.0,0.0,0.0,0.0,0.0,0.0,0.0
32891945.0,0.0,0.0,0.0,0.0,0.0,0.0,0.0,0.0
32911758.0,0.0,0.0,0.0,0.0,0.0,0.0,0.0,0.0
32931693.0,0.0,0.0,0.0,0.0,0.0,0.0,0.0,0.0
32951534.0,0.0,0.0,0.0,0.0,0.0,0.0,0.0,0.0
32971644.0,0.0,0.0,0.0,0.0,0.0,0.0,0.0,0.0
32991037.0,0.0,0.0,0.0,0.0,0.0,0.0,0.0,0.0
33010708.0,0.0,0.0,0.0,0.0,0.0,0.0,0.0,0.0
33030929.0,0.0,0.0,0.0,0.0,0.0,0.0,0.0,0.0
33050687.0,0.0,0.0,0.0,0.0,0.0,0.0,0.0,0.0
33070723.0,0.0,0.0,0.0,0.0,0.0,0.0,0.0,0.0
33090304.0,0.0,0.0,0.0,0.0,0.0,0.0,0.0,0.0
33110425.0,0.0,0.0,0.0,0.0,0.0,0.0,0.0,0.0
33130078.0,0.0,0.0,0.0,0.0,0.0,0.0,0.0,0.0
33149914.0,0.0,0.0,0.0,0.0,0.0,0.0,0.0,0.0
33170142.0,0.0,0.0,0.0,0.0,0.0,0.0,0.0,0.0
33189825.0,0.0,0.0,0.0,0.0,0.0,0.0,0.0,0.0
33209569.0,0.0,0.0,0.0,0.0,0.0,0.0,0.0,0.0
33229171.0,0.0,0.0,0.0,0.0,0.0,0.0,0.0,0.0
33248441.0,0.0,0.0,0.0,0.0,0.0,0.0,0.0,0.0
33268002.0,0.0,0.0,0.0,0.0,0.0,0.0,0.0,0.0
33288001.0,0.0,0.0,0.0,0.0,0.0,0.0,0.0,0.0
33307631.0,0.0,0.0,0.0,0.0,0.0,0.0,0.0,0.0
33327412.0,0.0,0.0,0.0,0.0,0.0,0.0,0.0,0.0
33347520.0,0.0,0.0,0.0,0.0,0.0,0.0,0.0,0.0
33366702.0,0.0,0.0,0.0,0.0,0.0,0.0,0.0,0.0
33386452.0,0.0,0.0,0.0,0.0,0.0,0.0,0.0,0.0
33406025.0,0.0,0.0,0.0,0.0,0.0,0.0,0.0,0.0
33425304.0,0.0,0.0,0.0,0.0,0.0,0.0,0.0,0.0
33445368.0,0.0,0.0,0.0,0.0,0.0,0.0,0.0,0.0
33465639.0,0.0,0.0,0.0,0.0,0.0,0.0,0.0,0.0
33485413.0,0.0,0.0,0.0,0.0,0.0,0.0,0.0,0.0
33505314.0,0.0,0.0,0.0,0.0,0.0,0.0,0.0,0.0
33524838.0,0.0,0.0,0.0,0.0,0.0,0.0,0.0,0.0
33544691.0,0.0,0.0,0.0,0.0,0.0,0.0,0.0,0.0
33564135.0,0.0,0.0,0.0,0.0,0.0,0.0,0.0,0.0
33583568.0,0.0,0.0,0.0,0.0,0.0,0.0,0.0,0.0
33602987.0,0.0,0.0,0.0,0.0,0.0,0.0,0.0,0.0
33622496.0,0.0,0.0,0.0,0.0,0.0,0.0,0.0,0.0
33641907.0,0.0,0.0,0.0,0.0,0.0,0.0,0.0,0.0
33661151.0,0.0,0.0,0.0,0.0,0.0,0.0,0.0,0.0
33729429.0,0.0,0.0,0.0,0.0,0.0,0.0,0.0,0.0
33750148.0,0.0,0.0,0.0,0.0,0.0,0.0,0.0,0.0
33769921.0,0.0,0.0,0.0,0.0,0.0,0.0,0.0,0.0
33789930.0,0.0,0.0,0.0,0.0,0.0,0.0,0.0,0.0
33809407.0,0.0,0.0,0.0,0.0,0.0,0.0,0.0,0.0
33829125.0,0.0,0.0,0.0,0.0,0.0,0.0,0.0,0.0
33849322.0,0.0,0.0,0.0,0.0,0.0,0.0,0.0,0.0
33868937.0,0.0,0.0,0.0,0.0,0.0,0.0,0.0,0.0
33889087.0,0.0,0.0,0.0,0.0,0.0,0.0,0.0,0.0
33908512.0,0.0,0.0,0.0,0.0,0.0,0.0,0.0,0.0
33928402.0,0.0,0.0,0.0,0.0,0.0,0.0,0.0,0.0
33948179.0,0.0,0.0,0.0,0.0,0.0,0.0,0.0,0.0
33967649.0,0.0,0.0,0.0,0.0,0.0,0.0,0.0,0.0
33987001.0,0.0,0.0,0.0,0.0,0.0,0.0,0.0,0.0
34006645.0,0.0,0.0,0.0,0.0,0.0,0.0,0.0,0.0
34026159.0,0.0,0.0,0.0,0.0,0.0,0.0,0.0,0.0
34046099.0,0.0,0.0,0.0,0.0,0.0,0.0,0.0,0.0
34065647.0,0.0,0.0,0.0,0.0,0.0,0.0,0.0,0.0
34085186.0,0.0,0.0,0.0,0.0,0.0,0.0,0.0,0.0
34104713.0,0.0,0.0,0.0,0.0,0.0,0.0,0.0,0.0
34124310.0,0.0,0.0,0.0,0.0,0.0,0.0,0.0,0.0
34143580.0,0.0,0.0,0.0,0.0,0.0,0.0,0.0,0.0
34163087.0,0.0,0.0,0.0,0.0,0.0,0.0,0.0,0.0
34182623.0,0.0,0.0,0.0,0.0,0.0,0.0,0.0,0.0
34202096.0,0.0,0.0,0.0,0.0,0.0,0.0,0.0,0.0
34221947.0,0.0,0.0,0.0,0.0,0.0,0.0,0.0,0.0
34241439.0,0.0,0.0,0.0,0.0,0.0,0.0,0.0,0.0
34261398.0,0.0,0.0,0.0,0.0,0.0,0.0,0.0,0.0
34280769.0,0.0,0.0,0.0,0.0,0.0,0.0,0.0,0.0
34301121.0,0.0,0.0,0.0,0.0,0.0,0.0,0.0,0.0
34321395.0,0.0,0.0,0.0,0.0,0.0,0.0,0.0,0.0
34341170.0,0.0,0.0,0.0,0.0,0.0,0.0,0.0,0.0
34360876.0,0.0,0.0,0.0,0.0,0.0,0.0,0.0,0.0
34380580.0,0.0,0.0,0.0,0.0,0.0,0.0,0.0,0.0
34400332.0,0.0,0.0,0.0,0.0,0.0,0.0,0.0,0.0
34420075.0,0.0,0.0,0.0,0.0,0.0,0.0,0.0,0.0
34439521.0,0.0,0.0,0.0,0.0,0.0,0.0,0.0,0.0
34458880.0,0.0,0.0,0.0,0.0,0.0,0.0,0.0,0.0
34478994.0,0.0,0.0,0.0,0.0,0.0,0.0,0.0,0.0
34499145.0,0.0,0.0,0.0,0.0,0.0,0.0,0.0,0.0
34519393.0,0.0,0.0,0.0,0.0,0.0,0.0,0.0,0.0
34538767.0,0.0,0.0,0.0,0.0,0.0,0.0,0.0,0.0
34558728.0,0.0,0.0,0.0,0.0,0.0,0.0,0.0,0.0
34578641.0,0.0,0.0,0.0,0.0,0.0,0.0,0.0,0.0
34598844.0,0.0,0.0,0.0,0.0,0.0,0.0,0.0,0.0
34618842.0,0.0,0.0,0.0,0.0,0.0,0.0,0.0,0.0
34638379.0,0.0,0.0,0.0,0.0,0.0,0.0,0.0,0.0
34657963.0,0.0,0.0,0.0,0.0,0.0,0.0,0.0,0.0
34677828.0,0.0,0.0,0.0,0.0,0.0,0.0,0.0,0.0
34697736.0,0.0,0.0,0.0,0.0,0.0,0.0,0.0,0.0
34717630.0,0.0,0.0,0.0,0.0,0.0,0.0,0.0,0.0
34737593.0,0.0,0.0,0.0,0.0,0.0,0.0,0.0,0.0
34757088.0,0.0,0.0,0.0,0.0,0.0,0.0,0.0,0.0
34776722.0,0.0,0.0,0.0,0.0,0.0,0.0,0.0,0.0
34796662.0,0.0,0.0,0.0,0.0,0.0,0.0,0.0,0.0
34816619.0,0.0,0.0,0.0,0.0,0.0,0.0,0.0,0.0
34836816.0,0.0,0.0,0.0,0.0,0.0,0.0,0.0,0.0
34856177.0,0.0,0.0,0.0,0.0,0.0,0.0,0.0,0.0
34876244.0,0.0,0.0,0.0,0.0,0.0,0.0,0.0,0.0
34896122.0,0.0,0.0,0.0,0.0,0.0,0.0,0.0,0.0
34916360.0,0.0,0.0,0.0,0.0,0.0,0.0,0.0,0.0
34936650.0,0.0,0.0,0.0,0.0,0.0,0.0,0.0,0.0
34956455.0,0.0,0.0,0.0,0.0,0.0,0.0,0.0,0.0
34976113.0,0.0,0.0,0.0,0.0,0.0,0.0,0.0,0.0
34996387.0,0.0,0.0,0.0,0.0,0.0,0.0,0.0,0.0
35016600.0,0.0,0.0,0.0,0.0,0.0,0.0,0.0,0.0
35036109.0,0.0,0.0,0.0,0.0,0.0,0.0,0.0,0.0
35056028.0,0.0,0.0,0.0,0.0,0.0,0.0,0.0,0.0
35075427.0,0.0,0.0,0.0,0.0,0.0,0.0,0.0,0.0
35094785.0,0.0,0.0,0.0,0.0,0.0,0.0,0.0,0.0
35114106.0,0.0,0.0,0.0,0.0,0.0,0.0,0.0,0.0
35133379.0,0.0,0.0,0.0,0.0,0.0,0.0,0.0,0.0
35152785.0,0.0,0.0,0.0,0.0,0.0,0.0,0.0,0.0
35172496.0,0.0,0.0,0.0,0.0,0.0,0.0,0.0,0.0
35192134.0,0.0,0.0,0.0,0.0,0.0,0.0,0.0,0.0
35211384.0,0.0,0.0,0.0,0.0,0.0,0.0,0.0,0.0
35230827.0,0.0,0.0,0.0,0.0,0.0,0.0,0.0,0.0
35250453.0,0.0,0.0,0.0,0.0,0.0,0.0,0.0,0.0
35269858.0,0.0,0.0,0.0,0.0,0.0,0.0,0.0,0.0
35289161.0,0.0,0.0,0.0,0.0,0.0,0.0,0.0,0.0
35308614.0,0.0,0.0,0.0,0.0,0.0,0.0,0.0,0.0
35326987.0,0.0,0.0,0.0,0.0,0.0,0.0,0.0,0.0
35346666.0,0.0,0.0,0.0,0.0,0.0,0.0,0.0,0.0
35366111.0,0.0,0.0,0.0,0.0,0.0,0.0,0.0,0.0
35385618.0,0.0,0.0,0.0,0.0,0.0,0.0,0.0,0.0
35405013.0,0.0,0.0,0.0,0.0,0.0,0.0,0.0,0.0
35424651.0,0.0,0.0,0.0,0.0,0.0,0.0,0.0,0.0
35443099.0,0.0,0.0,0.0,0.0,0.0,0.0,0.0,0.0
35461396.0,0.0,0.0,0.0,0.0,0.0,0.0,0.0,0.0
35480901.0,0.0,0.0,0.0,0.0,0.0,0.0,0.0,0.0
35500253.0,0.0,0.0,0.0,0.0,0.0,0.0,0.0,0.0
35519801.0,0.0,0.0,0.0,0.0,0.0,0.0,0.0,0.0
35539514.0,0.0,0.0,0.0,0.0,0.0,0.0,0.0,0.0
35558797.0,0.0,0.0,0.0,0.0,0.0,0.0,0.0,0.0
35578116.0,0.0,0.0,0.0,0.0,0.0,0.0,0.0,0.0
35597504.0,0.0,0.0,0.0,0.0,0.0,0.0,0.0,0.0
35616832.0,0.0,0.0,0.0,0.0,0.0,0.0,0.0,0.0
35636687.0,0.0,0.0,0.0,0.0,0.0,0.0,0.0,0.0
35656327.0,0.0,0.0,0.0,0.0,0.0,0.0,0.0,0.0
35675587.0,0.0,0.0,0.0,0.0,0.0,0.0,0.0,0.0
35744402.0,0.0,0.0,0.0,0.0,0.0,0.0,0.0,0.0
35764544.0,0.0,0.0,0.0,0.0,0.0,0.0,0.0,0.0
35785072.0,0.0,0.0,0.0,0.0,0.0,0.0,0.0,0.0
35804802.0,0.0,0.0,0.0,0.0,0.0,0.0,0.0,0.0
35824650.0,0.0,0.0,0.0,0.0,0.0,0.0,0.0,0.0
35844399.0,0.0,0.0,0.0,0.0,0.0,0.0,0.0,0.0
35863910.0,0.0,0.0,0.0,0.0,0.0,0.0,0.0,0.0
35883491.0,0.0,0.0,0.0,0.0,0.0,0.0,0.0,0.0
35903078.0,0.0,0.0,0.0,0.0,0.0,0.0,0.0,0.0
35922635.0,0.0,0.0,0.0,0.0,0.0,0.0,0.0,0.0
35942112.0,0.0,0.0,0.0,0.0,0.0,0.0,0.0,0.0
35961348.0,0.0,0.0,0.0,0.0,0.0,0.0,0.0,0.0
35981145.0,0.0,0.0,0.0,0.0,0.0,0.0,0.0,0.0
36000759.0,0.0,0.0,0.0,0.0,0.0,0.0,0.0,0.0
36019644.0,0.0,0.0,0.0,0.0,0.0,0.0,0.0,0.0
36039368.0,0.0,0.0,0.0,0.0,0.0,0.0,0.0,0.0
36058673.0,0.0,0.0,0.0,0.0,0.0,0.0,0.0,0.0
36078618.0,0.0,0.0,0.0,0.0,0.0,0.0,0.0,0.0
36097924.0,0.0,0.0,0.0,0.0,0.0,0.0,0.0,0.0
36117476.0,0.0,0.0,0.0,0.0,0.0,0.0,0.0,0.0
36136839.0,0.0,0.0,0.0,0.0,0.0,0.0,0.0,0.0
36156218.0,0.0,0.0,0.0,0.0,0.0,0.0,0.0,0.0
36175502.0,0.0,0.0,0.0,0.0,0.0,0.0,0.0,0.0
36194812.0,0.0,0.0,0.0,0.0,0.0,0.0,0.0,0.0
36214232.0,0.0,0.0,0.0,0.0,0.0,0.0,0.0,0.0
36233900.0,0.0,0.0,0.0,0.0,0.0,0.0,0.0,0.0
36254018.0,0.0,0.0,0.0,0.0,0.0,0.0,0.0,0.0
36273397.0,0.0,0.0,0.0,0.0,0.0,0.0,0.0,0.0
36292983.0,0.0,0.0,0.0,0.0,0.0,0.0,0.0,0.0
36313342.0,0.0,0.0,0.0,0.0,0.0,0.0,0.0,0.0
36332372.0,0.0,0.0,0.0,0.0,0.0,0.0,0.0,0.0
36351331.0,0.0,0.0,0.0,0.0,0.0,0.0,0.0,0.0
36370693.0,0.0,0.0,0.0,0.0,0.0,0.0,0.0,0.0
36390345.0,0.0,0.0,0.0,1.44,0.0,0.0,0.0,0.29
36409629.0,0.0,0.0,0.0,4.36,0.0,0.0,0.0,1.1
36428948.0,0.0,0.0,0.0,4.38,0.0,0.0,0.0,1.76
36448160.0,0.0,0.0,0.0,7.3,0.0,0.0,0.0,2.87
36466553.0,0.0,0.0,0.0,8.8,0.0,0.0,0.0,4.05
36486015.0,0.0,0.0,0.0,9.08,0.0,0.0,0.0,5.06
36505405.0,0.0,0.0,0.0,11.67,0.0,0.0,0.0,6.38
36524837.0,0.0,0.0,0.0,10.17,0.0,0.0,0.0,7.14
36544802.0,0.0,0.0,0.0,11.29,0.0,0.0,0.0,7.97
36564110.0,0.0,0.0,0.0,10.18,0.0,0.0,0.0,8.41
36583333.0,0.0,0.0,0.0,8.77,0.0,0.0,0.0,8.48
36603194.0,0.0,0.0,0.0,9.94,0.0,0.0,0.0,8.78
36621857.0,0.0,0.0,0.0,7.21,0.0,0.0,0.0,8.46
36641371.0,0.0,0.0,0.0,7.57,0.0,0.0,0.0,8.28
36660485.0,0.0,0.0,0.0,8.49,0.0,0.0,0.0,8.33
36680340.0,0.0,0.0,0.0,7.37,0.0,0.0,0.0,8.13
36700461.0,0.0,0.0,0.0,7.01,0.0,0.0,0.0,7.91
36719220.0,0.0,0.0,0.0,4.31,0.0,0.0,0.0,7.19
36738699.0,0.0,0.0,0.0,4.54,0.0,0.0,0.0,6.66
36757482.0,0.0,0.0,0.0,2.86,0.0,0.0,0.0,5.9
36776517.0,0.0,0.0,0.0,2.99,0.0,0.0,0.0,5.32
36795572.0,0.0,0.0,0.0,0.0,0.0,0.0,0.0,4.25
36814382.0,0.0,0.0,0.0,0.0,0.0,0.0,0.0,3.4
36833364.0,0.0,0.0,0.0,-1.52,0.0,0.0,0.0,2.42
36853175.0,0.0,0.0,0.0,0.0,0.0,0.0,0.0,1.93
36872619.0,0.0,0.0,0.0,0.0,0.0,0.0,0.0,1.55
36892457.0,0.0,0.0,0.0,0.0,0.0,0.0,0.0,1.24
36911311.0,0.0,0.0,0.0,0.0,0.0,0.0,0.0,0.99
36931367.0,0.0,0.0,0.0,0.0,0.0,0.0,0.0,0.79
36949878.0,0.0,0.0,0.0,0.0,0.0,0.0,0.0,0.63
36969660.0,0.0,0.0,0.0,0.0,0.0,0.0,0.0,0.51
36988466.0,0.0,0.0,0.0,0.0,0.0,0.0,0.0,0.41
37007825.0,0.0,0.0,0.0,0.0,0.0,0.0,0.0,0.32
37027952.0,0.0,0.0,0.0,1.4,0.0,0.0,0.0,0.54
37048348.0,0.0,0.0,0.0,1.38,0.0,0.0,0.0,0.71
37067779.0,0.0,0.0,0.0,2.91,0.0,0.0,0.0,1.15
37086677.0,0.0,0.0,0.0,2.84,0.0,0.0,0.0,1.49
37106040.0,0.0,0.0,0.0,1.52,0.0,0.0,0.0,1.49
37125742.0,0.0,0.0,0.0,2.86,0.0,0.0,0.0,1.77
37145048.0,0.0,0.0,0.0,4.17,0.0,0.0,0.0,2.25
37164490.0,0.0,0.0,0.0,3.05,0.0,0.0,0.0,2.41
37184143.0,0.0,0.0,0.0,4.29,0.0,0.0,0.0,2.79
37202548.0,0.0,0.0,0.0,2.91,0.0,0.0,0.0,2.81
37221672.0,0.0,0.0,0.0,4.57,0.0,0.0,0.0,3.16
37240982.0,0.0,0.0,0.0,2.98,0.0,0.0,0.0,3.12
37260216.0,0.0,0.0,0.0,5.84,0.0,0.0,0.0,3.67
37279626.0,0.0,0.0,0.0,5.86,0.0,0.0,0.0,4.11
37298705.0,0.0,0.0,0.0,7.25,0.0,0.0,0.0,4.73
37318204.0,0.0,0.0,0.0,7.39,0.0,0.0,0.0,5.27
37337946.0,0.0,0.0,0.0,7.15,0.0,0.0,0.0,5.64
37357299.0,0.0,0.0,0.0,7.18,0.0,0.0,0.0,5.95
37376552.0,0.0,0.0,0.0,7.33,0.0,0.0,0.0,6.23
37396141.0,0.0,0.0,0.0,5.84,0.0,0.0,0.0,6.15
37415611.0,0.0,0.0,0.0,7.21,0.0,0.0,0.0,6.36
37434867.0,0.0,0.0,0.0,7.22,0.0,0.0,0.0,6.53
37453641.0,0.0,0.0,0.0,5.8,0.0,0.0,0.0,6.39
37473289.0,0.0,0.0,0.0,6.04,0.0,0.0,0.0,6.32
37492510.0,0.0,0.0,0.0,7.21,0.0,0.0,0.0,6.49
37511908.0,0.0,0.0,0.0,7.34,0.0,0.0,0.0,6.66
37531056.0,0.0,0.0,0.0,8.69,0.0,0.0,0.0,7.07
37550298.0,0.0,0.0,0.0,7.37,0.0,0.0,0.0,7.13
37569667.0,0.0,0.0,0.0,8.73,0.0,0.0,0.0,7.45
37589051.0,0.0,0.0,0.0,10.17,0.0,0.0,0.0,7.99
37608357.0,0.0,0.0,0.0,10.25,0.0,0.0,0.0,8.44
37627687.0,0.0,0.0,0.0,8.75,0.0,0.0,0.0,8.51
37647180.0,0.0,0.0,0.0,10.19,0.0,0.0,0.0,8.84
37666563.0,0.0,0.0,0.0,8.67,0.0,0.0,0.0,8.81
37686192.0,0.0,0.0,0.0,10.14,0.0,0.0,0.0,9.07
37754007.0,0.0,0.0,0.0,7.47,0.0,0.0,0.0,8.75
37773611.0,0.0,0.0,0.0,7.21,0.0,0.0,0.0,8.45
37793120.0,0.0,0.0,0.0,7.19,0.0,0.0,0.0,8.2
37812426.0,0.0,0.0,0.0,5.79,0.0,0.0,0.0,7.71
37831952.0,0.0,0.0,0.0,5.84,0.0,0.0,0.0,7.34
37851577.0,0.0,0.0,0.0,5.74,0.0,0.0,0.0,7.02
37871177.0,0.0,0.0,0.0,4.3,0.0,0.0,0.0,6.47
37890687.0,0.0,0.0,0.0,5.79,0.0,0.0,0.0,6.34
37910230.0,0.0,0.0,0.0,5.76,0.0,0.0,0.0,6.22
37929535.0,0.0,0.0,0.0,5.78,0.0,0.0,0.0,6.13
37948870.0,0.0,0.0,0.0,5.81,0.0,0.0,0.0,6.07
37968351.0,0.0,0.0,0.0,7.24,0.0,0.0,0.0,6.3
37988218.0,0.0,0.0,0.0,7.22,0.0,0.0,0.0,6.49
38007753.0,0.0,0.0,0.0,7.17,0.0,0.0,0.0,6.62
38027011.0,0.0,0.0,0.0,7.22,0.0,0.0,0.0,6.74
38046613.0,0.0,0.0,0.0,7.28,0.0,0.0,0.0,6.85
38065844.0,0.0,0.0,0.0,7.22,0.0,0.0,0.0,6.93
38085266.0,0.0,0.0,0.0,5.82,0.0,0.0,0.0,6.7
38104526.0,0.0,0.0,0.0,4.38,0.0,0.0,0.0,6.24
38123791.0,0.0,0.0,0.0,4.39,0.0,0.0,0.0,5.87
38144883.0,0.0,0.0,0.0,4.05,0.0,0.0,0.0,5.51
38164323.0,0.0,0.0,0.0,2.89,0.0,0.0,0.0,4.98
38183645.0,0.0,0.0,0.0,4.35,0.0,0.0,0.0,4.86
38202935.0,0.0,0.0,0.0,4.36,0.0,0.0,0.0,4.76
38222271.0,0.0,0.0,0.0,5.84,0.0,0.0,0.0,4.97
38241690.0,0.0,0.0,0.0,4.39,0.0,0.0,0.0,4.86
38260999.0,0.0,0.0,0.0,5.78,0.0,0.0,0.0,5.04
38280335.0,0.0,0.0,0.0,5.85,0.0,0.0,0.0,5.2
38299855.0,0.0,0.0,0.0,7.23,0.0,0.0,0.0,5.61
38319311.0,0.0,0.0,0.0,5.78,0.0,0.0,0.0,5.64
38338939.0,0.0,0.0,0.0,7.17,0.0,0.0,0.0,5.95
38358420.0,0.0,0.0,0.0,5.82,0.0,0.0,0.0,5.92
38377828.0,0.0,0.0,0.0,7.23,0.0,0.0,0.0,6.19
38397090.0,0.0,0.0,0.0,7.28,0.0,0.0,0.0,6.4
38416463.0,0.0,0.0,0.0,5.82,0.0,0.0,0.0,6.29
38436067.0,0.0,0.0,0.0,7.22,0.0,0.0,0.0,6.47
38455491.0,0.0,0.0,0.0,8.67,0.0,0.0,0.0,6.91
38474841.0,0.0,0.0,0.0,7.29,0.0,0.0,0.0,6.99
38494197.0,0.0,0.0,0.0,7.26,0.0,0.0,0.0,7.04
38513773.0,0.0,0.0,0.0,8.77,0.0,0.0,0.0,7.39
38533116.0,0.0,0.0,0.0,7.18,0.0,0.0,0.0,7.35
38552490.0,0.0,0.0,0.0,8.73,0.0,0.0,0.0,7.62
38571910.0,0.0,0.0,0.0,7.29,0.0,0.0,0.0,7.56
38591591.0,0.0,0.0,0.0,8.67,0.0,0.0,0.0,7.78
38611232.0,0.0,0.0,0.0,5.75,0.0,0.0,0.0,7.37
38630682.0,0.0,0.0,0.0,8.6,0.0,0.0,0.0,7.62
38650065.0,0.0,0.0,0.0,7.24,0.0,0.0,0.0,7.54
38669794.0,0.0,0.0,0.0,7.13,0.0,0.0,0.0,7.46
38689293.0,0.0,0.0,0.0,7.24,0.0,0.0,0.0,7.42
38708798.0,0.0,0.0,0.0,7.26,0.0,0.0,0.0,7.39
38728171.0,0.0,0.0,0.0,5.78,0.0,0.0,0.0,7.06
38747631.0,0.0,0.0,0.0,7.24,0.0,0.0,0.0,7.1
38767201.0,0.0,0.0,0.0,7.25,0.0,0.0,0.0,7.13
38787538.0,0.0,0.0,0.0,5.55,0.0,0.0,0.0,6.81
38806960.0,0.0,0.0,0.0,5.74,0.0,0.0,0.0,6.6
38826558.0,0.0,0.0,0.0,5.82,0.0,0.0,0.0,6.44
38846143.0,0.0,0.0,0.0,4.3,0.0,0.0,0.0,6.01
38866146.0,0.0,0.0,0.0,5.58,0.0,0.0,0.0,5.93
38886338.0,0.0,0.0,0.0,5.58,0.0,0.0,0.0,5.86
38905687.0,0.0,0.0,0.0,7.28,0.0,0.0,0.0,6.14
38925087.0,0.0,0.0,0.0,8.7,0.0,0.0,0.0,6.65
38945441.0,0.0,0.0,0.0,8.3,0.0,0.0,0.0,6.98
38965226.0,0.0,0.0,0.0,10.11,0.0,0.0,0.0,7.61
38984903.0,0.0,0.0,0.0,8.51,0.0,0.0,0.0,7.79
39004770.0,0.0,0.0,0.0,8.56,0.0,0.0,0.0,7.94
39024151.0,0.0,0.0,0.0,8.69,0.0,0.0,0.0,8.09
39044072.0,0.0,0.0,0.0,8.51,0.0,0.0,0.0,8.18
39063934.0,0.0,0.0,0.0,8.46,0.0,0.0,0.0,8.23
39083690.0,0.0,0.0,0.0,7.16,0.0,0.0,0.0,8.02
39103923.0,0.0,0.0,0.0,7.02,0.0,0.0,0.0,7.82
39123491.0,0.0,0.0,0.0,7.2,0.0,0.0,0.0,7.69
39143222.0,0.0,0.0,0.0,7.13,0.0,0.0,0.0,7.58
39162964.0,0.0,0.0,0.0,5.7,0.0,0.0,0.0,7.21
39183239.0,0.0,0.0,0.0,8.34,0.0,0.0,0.0,7.43
39203669.0,0.0,0.0,0.0,5.52,0.0,0.0,0.0,7.05
39222188.0,0.0,0.0,0.0,5.74,0.0,0.0,0.0,6.79
39241299.0,0.0,0.0,0.0,6.04,0.0,0.0,0.0,6.64
39260218.0,0.0,0.0,0.0,2.93,0.0,0.0,0.0,5.9
39279259.0,0.0,0.0,0.0,2.93,0.0,0.0,0.0,5.3
39299560.0,0.0,0.0,0.0,2.94,0.0,0.0,0.0,4.83
39319771.0,0.0,0.0,0.0,1.4,0.0,0.0,0.0,4.15
39339150.0,0.0,0.0,0.0,-1.43,0.0,0.0,0.0,3.03
39359120.0,0.0,0.0,0.0,0.0,0.0,0.0,0.0,2.42
39378690.0,0.0,0.0,0.0,0.0,0.0,0.0,0.0,1.94
39398820.0,0.0,0.0,0.0,1.4,0.0,0.0,0.0,1.83
39418030.0,0.0,0.0,0.0,2.83,0.0,0.0,0.0,2.03
39437791.0,0.0,0.0,0.0,5.95,0.0,0.0,0.0,2.81
39457273.0,0.0,0.0,0.0,7.22,0.0,0.0,0.0,3.7
39476680.0,0.0,0.0,0.0,10.16,0.0,0.0,0.0,4.99
39495636.0,0.0,0.0,0.0,10.01,0.0,0.0,0.0,5.99
39515199.0,0.0,0.0,0.0,10.42,0.0,0.0,0.0,6.88
39534309.0,0.0,0.0,0.0,8.41,0.0,0.0,0.0,7.19
39553390.0,0.0,0.0,0.0,5.96,0.0,0.0,0.0,6.94
39573014.0,0.0,0.0,0.0,4.54,0.0,0.0,0.0,6.46
39593154.0,0.0,0.0,0.0,2.79,0.0,0.0,0.0,5.73
39611474.0,0.0,0.0,0.0,0.0,0.0,0.0,0.0,4.58
39631232.0,0.0,0.0,0.0,0.0,0.0,0.0,0.0,3.67
39651175.0,0.0,0.0,0.0,0.0,0.0,0.0,0.0,2.93
39670742.0,0.0,0.0,0.0,0.0,0.0,0.0,0.0,2.35
39689654.0,0.0,0.0,0.0,0.0,0.0,0.0,0.0,1.88
39757513.0,0.0,0.0,0.0,0.0,0.0,0.0,0.0,1.5
39775785.0,0.0,0.0,0.0,0.0,0.0,0.0,0.0,1.2
39794057.0,0.0,0.0,0.0,0.0,0.0,0.0,0.0,0.96
39813674.0,0.0,0.0,0.0,0.0,0.0,0.0,0.0,0.77
39832932.0,0.0,0.0,0.0,0.0,0.0,0.0,0.0,0.61
39852735.0,0.0,0.0,0.0,0.0,0.0,0.0,0.0,0.49
39872034.0,0.0,0.0,0.0,0.0,0.0,0.0,0.0,0.39
39891247.0,0.0,0.0,0.0,0.0,0.0,0.0,0.0,0.31
39910847.0,0.0,0.0,0.0,0.0,0.0,0.0,0.0,0.25
39930086.0,0.0,0.0,0.0,0.0,0.0,0.0,0.0,0.2
39949398.0,0.0,0.0,0.0,0.0,0.0,0.0,0.0,0.16
39968735.0,0.0,0.0,0.0,0.0,0.0,0.0,0.0,0.13
39988029.0,0.0,0.0,0.0,2.92,0.0,0.0,0.0,0.69
40007393.0,0.0,0.0,0.0,5.81,0.0,0.0,0.0,1.71
40026999.0,0.0,0.0,0.0,10.17,0.0,0.0,0.0,3.4
40046384.0,0.0,0.0,0.0,14.4,0.0,0.0,0.0,5.6
40065603.0,0.0,0.0,0.0,13.18,0.0,0.0,0.0,7.12
40084892.0,0.0,0.0,0.0,16.07,0.0,0.0,0.0,8.91
40104472.0,0.0,0.0,0.0,15.85,0.0,0.0,0.0,10.3
40124287.0,0.0,0.0,0.0,18.51,0.0,0.0,0.0,11.94
40144204.0,0.0,0.0,0.0,21.27,0.0,0.0,0.0,13.8
40163360.0,0.0,0.0,0.0,21.9,0.0,0.0,0.0,15.42
40182613.0,0.0,0.0,0.0,22.06,0.0,0.0,0.0,16.75
40201959.0,0.0,0.0,0.0,18.91,0.0,0.0,0.0,17.18
40221330.0,0.0,0.0,0.0,16.02,0.0,0.0,0.0,16.95
40240519.0,0.0,0.0,0.0,13.18,0.0,0.0,0.0,16.2
40260029.0,0.0,0.0,0.0,11.67,0.0,0.0,0.0,15.29
40279497.0,0.0,0.0,0.0,8.7,0.0,0.0,0.0,13.97
40299215.0,0.0,0.0,0.0,7.06,0.0,0.0,0.0,12.59
40318932.0,0.0,0.0,0.0,4.31,0.0,0.0,0.0,10.93
40338415.0,0.0,0.0,0.0,1.45,0.0,0.0,0.0,9.04
40358224.0,0.0,0.0,0.0,0.0,0.0,0.0,0.0,7.23
40378134.0,0.0,0.0,0.0,0.0,0.0,0.0,0.0,5.78
40398365.0,0.0,0.0,0.0,0.0,0.0,0.0,0.0,4.63
40417713.0,0.0,0.0,0.0,0.0,0.0,0.0,0.0,3.7
40437066.0,0.0,0.0,0.0,0.0,0.0,0.0,0.0,2.96
40456590.0,0.0,0.0,0.0,0.0,0.0,0.0,0.0,2.37
40476175.0,0.0,0.0,0.0,0.0,0.0,0.0,0.0,1.9
40495951.0,0.0,0.0,0.0,0.0,0.0,0.0,0.0,1.52
40515905.0,0.0,0.0,0.0,0.0,0.0,0.0,0.0,1.21
40535552.0,0.0,0.0,0.0,0.0,0.0,0.0,0.0,0.97
40555044.0,0.0,0.0,0.0,0.0,0.0,0.0,0.0,0.78
40574632.0,0.0,0.0,0.0,0.0,0.0,0.0,0.0,0.62
40594388.0,0.0,0.0,0.0,0.0,0.0,0.0,0.0,0.5
40614259.0,0.0,0.0,0.0,0.0,0.0,0.0,0.0,0.4
40633197.0,0.0,0.0,0.0,0.0,0.0,0.0,0.0,0.32
40652835.0,0.0,0.0,0.0,0.0,0.0,0.0,0.0,0.25
40672169.0,0.0,0.0,0.0,0.0,0.0,0.0,0.0,0.2
40692230.0,0.0,0.0,0.0,0.0,0.0,0.0,0.0,0.16
40712057.0,0.0,0.0,0.0,0.0,0.0,0.0,0.0,0.13
40731589.0,0.0,0.0,0.0,0.0,0.0,0.0,0.0,0.1
40750625.0,0.0,0.0,0.0,0.0,0.0,0.0,0.0,0.08
40769198.0,0.0,0.0,0.0,0.0,0.0,0.0,0.0,0.07
40788746.0,0.0,0.0,0.0,3.02,0.0,0.0,0.0,0.66
40808218.0,0.0,0.0,0.0,7.22,0.0,0.0,0.0,1.97
40828606.0,0.0,0.0,0.0,9.83,0.0,0.0,0.0,3.54
40848299.0,0.0,0.0,0.0,14.08,0.0,0.0,0.0,5.65
40868393.0,0.0,0.0,0.0,18.5,0.0,0.0,0.0,8.22
40888094.0,0.0,0.0,0.0,20.02,0.0,0.0,0.0,10.58
40908135.0,0.0,0.0,0.0,21.04,0.0,0.0,0.0,12.67
40928089.0,0.0,0.0,0.0,22.32,0.0,0.0,0.0,14.6
40948428.0,0.0,0.0,0.0,19.69,0.0,0.0,0.0,15.62
40967242.0,0.0,0.0,0.0,18.31,0.0,0.0,0.0,16.16
40985815.0,0.0,0.0,0.0,15.23,0.0,0.0,0.0,15.97
41005363.0,0.0,0.0,0.0,12.03,0.0,0.0,0.0,15.18
41025083.0,0.0,0.0,0.0,8.6,0.0,0.0,0.0,13.87
41044683.0,0.0,0.0,0.0,5.82,0.0,0.0,0.0,12.26
41064464.0,0.0,0.0,0.0,1.4,0.0,0.0,0.0,10.09
41083401.0,0.0,0.0,0.0,0.0,0.0,0.0,0.0,8.07
41103017.0,0.0,0.0,0.0,0.0,0.0,0.0,0.0,6.46
41122701.0,0.0,0.0,0.0,0.0,0.0,0.0,0.0,5.16
41142086.0,0.0,0.0,0.0,0.0,0.0,0.0,0.0,4.13
41162171.0,0.0,0.0,0.0,0.0,0.0,0.0,0.0,3.31
41181578.0,0.0,0.0,0.0,-1.45,0.0,0.0,0.0,2.35
41201837.0,0.0,0.0,0.0,0.0,0.0,0.0,0.0,1.88
41221283.0,0.0,0.0,0.0,-1.45,0.0,0.0,0.0,1.22
41240731.0,0.0,0.0,0.0,-4.35,0.0,0.0,0.0,0.1
41260557.0,0.0,0.0,0.0,-5.68,0.0,0.0,0.0,-1.05
41280621.0,0.0,0.0,0.0,-7.09,0.0,0.0,0.0,-2.26
41300862.0,0.0,0.0,0.0,-12.48,0.0,0.0,0.0,-4.3
41320385.0,0.0,0.0,0.0,-14.41,0.0,0.0,0.0,-6.33
41339876.0,0.0,0.0,0.0,-15.88,0.0,0.0,0.0,-8.24
41360441.0,0.0,0.0,0.0,-19.23,0.0,0.0,0.0,-10.44
41380754.0,0.0,0.0,0.0,-19.39,0.0,0.0,0.0,-12.23
41400644.0,0.0,0.0,0.0,-18.44,0.0,0.0,0.0,-13.47
41420068.0,0.0,0.0,0.0,-20.21,0.0,0.0,0.0,-14.82
41439790.0,0.0,0.0,0.0,-21.45,0.0,0.0,0.0,-16.15
41459239.0,0.0,0.0,0.0,-20.35,0.0,0.0,0.0,-16.99
41479359.0,0.0,0.0,0.0,-19.66,0.0,0.0,0.0,-17.52
41499107.0,0.0,0.0,0.0,-17.14,0.0,0.0,0.0,-17.45
41518921.0,0.0,0.0,0.0,-15.65,0.0,0.0,0.0,-17.09
41541090.0,0.0,0.0,0.0,-11.35,0.0,0.0,0.0,-15.94
41560354.0,0.0,0.0,0.0,-6.25,0.0,0.0,0.0,-14.0
41583182.0,0.0,0.0,0.0,-4.37,0.0,0.0,0.0,-12.08
41603052.0,0.0,0.0,0.0,-2.54,0.0,0.0,0.0,-10.17
41622720.0,0.0,0.0,0.0,0.0,0.0,0.0,0.0,-8.13
41642533.0,0.0,0.0,0.0,0.0,0.0,0.0,0.0,-6.51
41662814.0,0.0,0.0,0.0,1.38,0.0,0.0,0.0,-4.93
41682625.0,0.0,0.0,0.0,1.42,0.0,0.0,0.0,-3.66
41701987.0,0.0,0.0,0.0,4.37,0.0,0.0,0.0,-2.05
41770314.0,0.0,0.0,0.0,6.18,0.0,0.0,0.0,-0.41
41789873.0,0.0,0.0,0.0,10.02,0.0,0.0,0.0,1.68
41809237.0,0.0,0.0,0.0,11.73,0.0,0.0,0.0,3.69
41828881.0,0.0,0.0,0.0,12.91,0.0,0.0,0.0,5.53
41848880.0,0.0,0.0,0.0,14.09,0.0,0.0,0.0,7.25
41868363.0,0.0,0.0,0.0,15.83,0.0,0.0,0.0,8.96
41886832.0,0.0,0.0,0.0,16.11,0.0,0.0,0.0,10.39
41906396.0,0.0,0.0,0.0,16.64,0.0,0.0,0.0,11.64
41926220.0,0.0,0.0,0.0,15.54,0.0,0.0,0.0,12.42
41945973.0,0.0,0.0,0.0,17.14,0.0,0.0,0.0,13.36
41965034.0,0.0,0.0,0.0,15.51,0.0,0.0,0.0,13.79
41984146.0,0.0,0.0,0.0,15.01,0.0,0.0,0.0,14.04
42002523.0,0.0,0.0,0.0,13.53,0.0,0.0,0.0,13.94
42021247.0,0.0,0.0,0.0,10.62,0.0,0.0,0.0,13.27
42040109.0,0.0,0.0,0.0,5.99,0.0,0.0,0.0,11.82
42059170.0,0.0,0.0,0.0,1.47,0.0,0.0,0.0,9.75
42078138.0,0.0,0.0,0.0,-6.0,0.0,0.0,0.0,6.6
42098544.0,0.0,0.0,0.0,-7.16,0.0,0.0,0.0,3.85
42118125.0,0.0,0.0,0.0,-11.51,0.0,0.0,0.0,0.77
42137742.0,0.0,0.0,0.0,-11.53,0.0,0.0,0.0,-1.69
42157674.0,0.0,0.0,0.0,-14.28,0.0,0.0,0.0,-4.21
42176219.0,0.0,0.0,0.0,-14.23,0.0,0.0,0.0,-6.21
42195287.0,0.0,0.0,0.0,-16.26,0.0,0.0,0.0,-8.22
42215110.0,0.0,0.0,0.0,-17.95,0.0,0.0,0.0,-10.17
42234908.0,0.0,0.0,0.0,-19.9,0.0,0.0,0.0,-12.11
42254394.0,0.0,0.0,0.0,-18.77,0.0,0.0,0.0,-13.44
42274291.0,0.0,0.0,0.0,-17.03,0.0,0.0,0.0,-14.16
42293948.0,0.0,0.0,0.0,-14.34,0.0,0.0,0.0,-14.2
42314539.0,0.0,0.0,0.0,-9.72,0.0,0.0,0.0,-13.3
42334244.0,0.0,0.0,0.0,-2.84,0.0,0.0,0.0,-11.21
42354007.0,0.0,0.0,0.0,2.84,0.0,0.0,0.0,-8.4
42373457.0,0.0,0.0,0.0,5.76,0.0,0.0,0.0,-5.57
42393245.0,0.0,0.0,0.0,11.48,0.0,0.0,0.0,-2.16
42413605.0,0.0,0.0,0.0,12.54,0.0,0.0,0.0,0.78
42432744.0,0.0,0.0,0.0,15.28,0.0,0.0,0.0,3.68
42452211.0,0.0,0.0,0.0,16.77,0.0,0.0,0.0,6.3
42471888.0,0.0,0.0,0.0,18.64,0.0,0.0,0.0,8.77
42490483.0,0.0,0.0,0.0,20.11,0.0,0.0,0.0,11.04
42508835.0,0.0,0.0,0.0,18.28,0.0,0.0,0.0,12.49
42528641.0,0.0,0.0,0.0,16.62,0.0,0.0,0.0,13.31
42549303.0,0.0,0.0,0.0,12.16,0.0,0.0,0.0,13.08
42568823.0,0.0,0.0,0.0,7.26,0.0,0.0,0.0,11.92
42588174.0,0.0,0.0,0.0,-1.45,0.0,0.0,0.0,9.24
42606797.0,0.0,0.0,0.0,-2.91,0.0,0.0,0.0,6.81
42627082.0,0.0,0.0,0.0,-5.86,0.0,0.0,0.0,4.28
42646065.0,0.0,0.0,0.0,-8.36,0.0,0.0,0.0,1.75
42666197.0,0.0,0.0,0.0,-11.73,0.0,0.0,0.0,-0.95
42685942.0,0.0,0.0,0.0,-15.74,0.0,0.0,0.0,-3.9
42705711.0,0.0,0.0,0.0,-18.69,0.0,0.0,0.0,-6.86
42725656.0,0.0,0.0,0.0,-20.91,0.0,0.0,0.0,-9.67
42744838.0,0.0,0.0,0.0,-18.32,0.0,0.0,0.0,-11.4
42763822.0,0.0,0.0,0.0,-17.99,0.0,0.0,0.0,-12.72
42782703.0,0.0,0.0,0.0,-14.75,0.0,0.0,0.0,-13.12
42802388.0,0.0,0.0,0.0,-12.09,0.0,0.0,0.0,-12.92
42822141.0,0.0,0.0,0.0,-4.24,0.0,0.0,0.0,-11.18
42841546.0,0.0,0.0,0.0,0.0,0.0,0.0,0.0,-8.95
42860529.0,0.0,0.0,0.0,4.44,0.0,0.0,0.0,-6.27
42879634.0,0.0,0.0,0.0,7.42,0.0,0.0,0.0,-3.53
42898612.0,0.0,0.0,0.0,13.24,0.0,0.0,0.0,-0.18
42918179.0,0.0,0.0,0.0,16.77,0.0,0.0,0.0,3.21
42937849.0,0.0,0.0,0.0,17.19,0.0,0.0,0.0,6.01
42957211.0,0.0,0.0,0.0,18.75,0.0,0.0,0.0,8.56
42976216.0,0.0,0.0,0.0,18.88,0.0,0.0,0.0,10.62
42995491.0,0.0,0.0,0.0,16.37,0.0,0.0,0.0,11.77
43014999.0,0.0,0.0,0.0,14.63,0.0,0.0,0.0,12.34
43034560.0,0.0,0.0,0.0,12.8,0.0,0.0,0.0,12.43
43053922.0,0.0,0.0,0.0,5.84,0.0,0.0,0.0,11.12
43073350.0,0.0,0.0,0.0,-1.45,0.0,0.0,0.0,8.6
43093303.0,0.0,0.0,0.0,-4.27,0.0,0.0,0.0,6.03
43112405.0,0.0,0.0,0.0,-9.71,0.0,0.0,0.0,2.88
43132411.0,0.0,0.0,0.0,-10.52,0.0,0.0,0.0,0.2
43151924.0,0.0,0.0,0.0,-15.64,0.0,0.0,0.0,-2.97
43171629.0,0.0,0.0,0.0,-17.23,0.0,0.0,0.0,-5.82
43191730.0,0.0,0.0,0.0,-18.17,0.0,0.0,0.0,-8.29
43210892.0,0.0,0.0,0.0,-18.48,0.0,0.0,0.0,-10.33
43230573.0,0.0,0.0,0.0,-17.87,0.0,0.0,0.0,-11.84
43249685.0,0.0,0.0,0.0,-14.18,0.0,0.0,0.0,-12.31
43269106.0,0.0,0.0,0.0,-10.53,0.0,0.0,0.0,-11.95
43288853.0,0.0,0.0,0.0,-5.71,0.0,0.0,0.0,-10.7
43308537.0,0.0,0.0,0.0,1.44,0.0,0.0,0.0,-8.27
43327546.0,0.0,0.0,0.0,4.19,0.0,0.0,0.0,-5.78
43347040.0,0.0,0.0,0.0,6.07,0.0,0.0,0.0,-3.41
43365967.0,0.0,0.0,0.0,10.0,0.0,0.0,0.0,-0.73
43385496.0,0.0,0.0,0.0,13.63,0.0,0.0,0.0,2.14
43405294.0,0.0,0.0,0.0,17.14,0.0,0.0,0.0,5.14
43424652.0,0.0,0.0,0.0,15.91,0.0,0.0,0.0,7.29
43443460.0,0.0,0.0,0.0,17.21,0.0,0.0,0.0,9.28
43462716.0,0.0,0.0,0.0,16.74,0.0,0.0,0.0,10.77
43482044.0,0.0,0.0,0.0,14.59,0.0,0.0,0.0,11.54
43501591.0,0.0,0.0,0.0,13.0,0.0,0.0,0.0,11.83
43521084.0,0.0,0.0,0.0,10.13,0.0,0.0,0.0,11.49
43540628.0,0.0,0.0,0.0,4.33,0.0,0.0,0.0,10.06
43559961.0,0.0,0.0,0.0,0.0,0.0,0.0,0.0,8.05
43580818.0,0.0,0.0,0.0,-4.26,0.0,0.0,0.0,5.58
43600773.0,0.0,0.0,0.0,-7.06,0.0,0.0,0.0,3.05
43619926.0,0.0,0.0,0.0,-10.02,0.0,0.0,0.0,0.44
43639596.0,0.0,0.0,0.0,-11.64,0.0,0.0,0.0,-1.98
43660315.0,0.0,0.0,0.0,-15.1,0.0,0.0,0.0,-4.6
43680653.0,0.0,0.0,0.0,-17.97,0.0,0.0,0.0,-7.28
43700398.0,0.0,0.0,0.0,-17.08,0.0,0.0,0.0,-9.24
43720039.0,0.0,0.0,0.0,-17.22,0.0,0.0,0.0,-10.83
43787926.0,0.0,0.0,0.0,-11.59,0.0,0.0,0.0,-10.98
43807830.0,0.0,0.0,0.0,-5.67,0.0,0.0,0.0,-9.92
43827498.0,0.0,0.0,0.0,1.43,0.0,0.0,0.0,-7.65
43847787.0,0.0,0.0,0.0,2.82,0.0,0.0,0.0,-5.56
43867509.0,0.0,0.0,0.0,5.62,0.0,0.0,0.0,-3.32
43887006.0,0.0,0.0,0.0,8.7,0.0,0.0,0.0,-0.92
43906535.0,0.0,0.0,0.0,12.94,0.0,0.0,0.0,1.85
43926342.0,0.0,0.0,0.0,14.28,0.0,0.0,0.0,4.34
43946172.0,0.0,0.0,0.0,17.23,0.0,0.0,0.0,6.92
43966290.0,0.0,0.0,0.0,16.64,0.0,0.0,0.0,8.86
43985618.0,0.0,0.0,0.0,18.9,0.0,0.0,0.0,10.87
44005213.0,0.0,0.0,0.0,17.3,0.0,0.0,0.0,12.15
44024758.0,0.0,0.0,0.0,14.55,0.0,0.0,0.0,12.63
44044496.0,0.0,0.0,0.0,12.73,0.0,0.0,0.0,12.65
44064268.0,0.0,0.0,0.0,7.21,0.0,0.0,0.0,11.57
44084256.0,0.0,0.0,0.0,1.41,0.0,0.0,0.0,9.53
44103729.0,0.0,0.0,0.0,-2.85,0.0,0.0,0.0,7.06
44123599.0,0.0,0.0,0.0,-5.75,0.0,0.0,0.0,4.5
44143343.0,0.0,0.0,0.0,-8.45,0.0,0.0,0.0,1.91
44163272.0,0.0,0.0,0.0,-12.68,0.0,0.0,0.0,-1.01
44183314.0,0.0,0.0,0.0,-14.15,0.0,0.0,0.0,-3.64
44203064.0,0.0,0.0,0.0,-17.25,0.0,0.0,0.0,-6.36
44222670.0,0.0,0.0,0.0,-17.12,0.0,0.0,0.0,-8.51
44242443.0,0.0,0.0,0.0,-18.64,0.0,0.0,0.0,-10.54
44262089.0,0.0,0.0,0.0,-15.62,0.0,0.0,0.0,-11.55
44282332.0,0.0,0.0,0.0,-15.31,0.0,0.0,0.0,-12.31
44301765.0,0.0,0.0,0.0,-10.15,0.0,0.0,0.0,-11.87
44321369.0,0.0,0.0,0.0,-7.17,0.0,0.0,0.0,-10.93
44341374.0,0.0,0.0,0.0,-1.42,0.0,0.0,0.0,-9.03
44361684.0,0.0,0.0,0.0,2.77,0.0,0.0,0.0,-6.67
44381612.0,0.0,0.0,0.0,5.59,0.0,0.0,0.0,-4.22
44401451.0,0.0,0.0,0.0,8.69,0.0,0.0,0.0,-1.64
44420926.0,0.0,0.0,0.0,11.42,0.0,0.0,0.0,0.97
44441332.0,0.0,0.0,0.0,15.33,0.0,0.0,0.0,3.84
44460768.0,0.0,0.0,0.0,17.12,0.0,0.0,0.0,6.5
44479032.0,0.0,0.0,0.0,19.15,0.0,0.0,0.0,9.03
44498753.0,0.0,0.0,0.0,21.01,0.0,0.0,0.0,11.42
44518469.0,0.0,0.0,0.0,18.78,0.0,0.0,0.0,12.9
44538087.0,0.0,0.0,0.0,17.15,0.0,0.0,0.0,13.75
44557998.0,0.0,0.0,0.0,12.75,0.0,0.0,0.0,13.55
44577233.0,0.0,0.0,0.0,8.45,0.0,0.0,0.0,12.53
44596938.0,0.0,0.0,0.0,2.96,0.0,0.0,0.0,10.62
44616415.0,0.0,0.0,0.0,0.0,0.0,0.0,0.0,8.49
44635725.0,0.0,0.0,0.0,-1.45,0.0,0.0,0.0,6.5
44655271.0,0.0,0.0,0.0,-2.88,0.0,0.0,0.0,4.63
44674720.0,0.0,0.0,0.0,-5.8,0.0,0.0,0.0,2.54
44694519.0,0.0,0.0,0.0,-7.07,0.0,0.0,0.0,0.62
44714821.0,0.0,0.0,0.0,-11.26,0.0,0.0,0.0,-1.76
44734704.0,0.0,0.0,0.0,-12.67,0.0,0.0,0.0,-3.94
44754689.0,0.0,0.0,0.0,-17.0,0.0,0.0,0.0,-6.55
44774762.0,0.0,0.0,0.0,-19.51,0.0,0.0,0.0,-9.14
44793944.0,0.0,0.0,0.0,-21.2,0.0,0.0,0.0,-11.56
44813722.0,0.0,0.0,0.0,-21.35,0.0,0.0,0.0,-13.51
44833679.0,0.0,0.0,0.0,-20.61,0.0,0.0,0.0,-14.93
44853413.0,0.0,0.0,0.0,-18.56,0.0,0.0,0.0,-15.66
44873346.0,0.0,0.0,0.0,-14.35,0.0,0.0,0.0,-15.4
44892380.0,0.0,0.0,0.0,-12.85,0.0,0.0,0.0,-14.89
44912567.0,0.0,0.0,0.0,-10.08,0.0,0.0,0.0,-13.93
44932410.0,0.0,0.0,0.0,-11.24,0.0,0.0,0.0,-13.39
44952179.0,0.0,0.0,0.0,-11.37,0.0,0.0,0.0,-12.98
44971923.0,0.0,0.0,0.0,-11.43,0.0,0.0,0.0,-12.67
44992368.0,0.0,0.0,0.0,-9.65,0.0,0.0,0.0,-12.07
45012432.0,0.0,0.0,0.0,-8.45,0.0,0.0,0.0,-11.35
45032418.0,0.0,0.0,0.0,-8.51,0.0,0.0,0.0,-10.78
45052103.0,0.0,0.0,0.0,-5.66,0.0,0.0,0.0,-9.76
45071947.0,0.0,0.0,0.0,-4.32,0.0,0.0,0.0,-8.67
45092060.0,0.0,0.0,0.0,-2.77,0.0,0.0,0.0,-7.49
45112088.0,0.0,0.0,0.0,0.0,0.0,0.0,0.0,-5.99
45131829.0,0.0,0.0,0.0,0.0,0.0,0.0,0.0,-4.79
45151242.0,0.0,0.0,0.0,0.0,0.0,0.0,0.0,-3.83
45170894.0,0.0,0.0,0.0,0.0,0.0,0.0,0.0,-3.07
45190725.0,0.0,0.0,0.0,0.0,0.0,0.0,0.0,-2.45
45210472.0,0.0,0.0,0.0,0.0,0.0,0.0,0.0,-1.96
45230751.0,0.0,0.0,0.0,0.0,0.0,0.0,0.0,-1.57
45250150.0,0.0,0.0,0.0,0.0,0.0,0.0,0.0,-1.26
45269717.0,0.0,0.0,0.0,1.45,0.0,0.0,0.0,-0.71
45288851.0,0.0,0.0,0.0,0.0,0.0,0.0,0.0,-0.57
45308867.0,0.0,0.0,0.0,0.0,0.0,0.0,0.0,-0.46
45328936.0,0.0,0.0,0.0,0.0,0.0,0.0,0.0,-0.37
45348781.0,0.0,0.0,0.0,0.0,0.0,0.0,0.0,-0.29
45367254.0,0.0,0.0,0.0,0.0,0.0,0.0,0.0,-0.23
45386343.0,0.0,0.0,0.0,0.0,0.0,0.0,0.0,-0.19
45405079.0,0.0,0.0,0.0,0.0,0.0,0.0,0.0,-0.15
45425315.0,0.0,0.0,0.0,-1.46,0.0,0.0,0.0,-0.41
45445529.0,0.0,0.0,0.0,-2.79,0.0,0.0,0.0,-0.89
45465448.0,0.0,0.0,0.0,-4.24,0.0,0.0,0.0,-1.56
45485105.0,0.0,0.0,0.0,-5.75,0.0,0.0,0.0,-2.4
45504770.0,0.0,0.0,0.0,-8.64,0.0,0.0,0.0,-3.65
45524519.0,0.0,0.0,0.0,-10.01,0.0,0.0,0.0,-4.92
45544630.0,0.0,0.0,0.0,-13.84,0.0,0.0,0.0,-6.7
45564881.0,0.0,0.0,0.0,-16.88,0.0,0.0,0.0,-8.74
45584513.0,0.0,0.0,0.0,-17.2,0.0,0.0,0.0,-10.43
45604372.0,0.0,0.0,0.0,-19.97,0.0,0.0,0.0,-12.34
45624438.0,0.0,0.0,0.0,-19.7,0.0,0.0,0.0,-13.81
45648665.0,0.0,0.0,0.0,-19.96,0.0,0.0,0.0,-15.04
45680550.0,0.0,0.0,0.0,-18.47,0.0,0.0,0.0,-15.73
45712463.0,0.0,0.0,0.0,-16.78,0.0,0.0,0.0,-15.94
45732579.0,0.0,0.0,0.0,-13.13,0.0,0.0,0.0,-15.38
45813111.0,0.0,0.0,0.0,-6.18,0.0,0.0,0.0,-13.54
45833076.0,0.0,0.0,0.0,-2.64,0.0,0.0,0.0,-11.36
45864811.0,0.0,0.0,0.0,-1.42,0.0,0.0,0.0,-9.37
45896719.0,0.0,0.0,0.0,0.0,0.0,0.0,0.0,-7.5
45928909.0,0.0,0.0,0.0,0.0,0.0,0.0,0.0,-6.0
45959945.0,0.0,0.0,0.0,0.0,0.0,0.0,0.0,-4.8
45992712.0,0.0,0.0,0.0,0.0,0.0,0.0,0.0,-3.84
46023732.0,0.0,0.0,0.0,0.0,0.0,0.0,0.0,-3.07
46055569.0,0.0,0.0,0.0,0.0,0.0,0.0,0.0,-2.46
46086691.0,0.0,0.0,0.0,0.0,0.0,0.0,0.0,-1.97
46117830.0,0.0,0.0,0.0,0.0,0.0,0.0,0.0,-1.57
46148903.0,0.0,0.0,0.0,0.0,0.0,0.0,0.0,-1.26
46180556.0,0.0,0.0,0.0,-3.65,0.0,0.0,0.0,-1.74
46211795.0,0.0,0.0,0.0,-7.11,0.0,0.0,0.0,-2.81
46243061.0,0.0,0.0,0.0,-13.29,0.0,0.0,0.0,-4.91
46275081.0,0.0,0.0,0.0,-18.12,0.0,0.0,0.0,-7.55
46306220.0,0.0,0.0,0.0,-20.18,0.0,0.0,0.0,-10.08
46338305.0,0.0,0.0,0.0,-20.99,0.0,0.0,0.0,-12.26
46370414.0,0.0,0.0,0.0,-18.53,0.0,0.0,0.0,-13.51
46401912.0,0.0,0.0,0.0,-15.48,0.0,0.0,0.0,-13.91
46433557.0,0.0,0.0,0.0,-12.81,0.0,0.0,0.0,-13.69
46465586.0,0.0,0.0,0.0,-8.89,0.0,0.0,0.0,-12.73
46497107.0,0.0,0.0,0.0,-7.07,0.0,0.0,0.0,-11.6
46527729.0,0.0,0.0,0.0,-6.25,0.0,0.0,0.0,-10.53
46558867.0,0.0,0.0,0.0,-3.64,0.0,0.0,0.0,-9.15
46591526.0,0.0,0.0,0.0,-3.58,0.0,0.0,0.0,-8.04
46623718.0,0.0,0.0,0.0,0.0,0.0,0.0,0.0,-6.43
46654391.0,0.0,0.0,0.0,0.91,0.0,0.0,0.0,-4.96
46685557.0,0.0,0.0,0.0,0.0,0.0,0.0,0.0,-3.97
46716333.0,0.0,0.0,0.0,0.0,0.0,0.0,0.0,-3.17
46735914.0,0.0,0.0,0.0,0.0,0.0,0.0,0.0,-2.54
46755429.0,0.0,0.0,0.0,0.0,0.0,0.0,0.0,-2.03
46775184.0,0.0,0.0,0.0,0.0,0.0,0.0,0.0,-1.63
46807275.0,0.0,0.0,0.0,0.0,0.0,0.0,0.0,-1.3
46838809.0,0.0,0.0,0.0,0.0,0.0,0.0,0.0,-1.04
46870749.0,0.0,0.0,0.0,0.0,0.0,0.0,0.0,-0.83
46890716.0,0.0,0.0,0.0,0.0,0.0,0.0,0.0,-0.67
46909834.0,0.0,0.0,0.0,1.43,0.0,0.0,0.0,-0.25
46930447.0,0.0,0.0,0.0,2.89,0.0,0.0,0.0,0.38
46954697.0,0.0,0.0,0.0,7.11,0.0,0.0,0.0,1.73
46986507.0,0.0,0.0,0.0,11.47,0.0,0.0,0.0,3.67
47018054.0,0.0,0.0,0.0,15.65,0.0,0.0,0.0,6.07
47048751.0,0.0,0.0,0.0,19.28,0.0,0.0,0.0,8.71
47080464.0,0.0,0.0,0.0,20.15,0.0,0.0,0.0,11.0
47111398.0,0.0,0.0,0.0,18.69,0.0,0.0,0.0,12.54
47143663.0,0.0,0.0,0.0,16.17,0.0,0.0,0.0,13.26
47175034.0,0.0,0.0,0.0,12.98,0.0,0.0,0.0,13.21
47205902.0,0.0,0.0,0.0,12.78,0.0,0.0,0.0,13.12
47237643.0,0.0,0.0,0.0,10.07,0.0,0.0,0.0,12.51
47256642.0,0.0,0.0,0.0,7.96,0.0,0.0,0.0,11.6
47276499.0,0.0,0.0,0.0,4.43,0.0,0.0,0.0,10.17
47295167.0,0.0,0.0,0.0,2.89,0.0,0.0,0.0,8.71
47315220.0,0.0,0.0,0.0,0.0,0.0,0.0,0.0,6.97
47346881.0,0.0,0.0,0.0,0.0,0.0,0.0,0.0,5.58
47378491.0,0.0,0.0,0.0,0.0,0.0,0.0,0.0,4.46
47409247.0,0.0,0.0,0.0,0.0,0.0,0.0,0.0,3.57
47441437.0,0.0,0.0,0.0,0.0,0.0,0.0,0.0,2.85
47473094.0,0.0,0.0,0.0,0.0,0.0,0.0,0.0,2.28
47504008.0,0.0,0.0,0.0,0.0,0.0,0.0,0.0,1.83
47535050.0,0.0,0.0,0.0,0.0,0.0,0.0,0.0,1.46
47566856.0,0.0,0.0,0.0,0.0,0.0,0.0,0.0,1.17
47598453.0,0.0,0.0,0.0,0.0,0.0,0.0,0.0,0.94
47630033.0,0.0,0.0,0.0,0.9,0.0,0.0,0.0,0.93
47661570.0,0.0,0.0,0.0,7.14,0.0,0.0,0.0,2.17
47693748.0,0.0,0.0,0.0,14.06,0.0,0.0,0.0,4.55
47724741.0,0.0,0.0,0.0,17.63,0.0,0.0,0.0,7.16
47756260.0,0.0,0.0,0.0,20.54,0.0,0.0,0.0,9.84
47836911.0,0.0,0.0,0.0,15.95,0.0,0.0,0.0,11.06
47868601.0,0.0,0.0,0.0,11.17,0.0,0.0,0.0,11.08
47900415.0,0.0,0.0,0.0,6.37,0.0,0.0,0.0,10.14
47931234.0,0.0,0.0,0.0,4.45,0.0,0.0,0.0,9.0
47962918.0,0.0,0.0,0.0,0.0,0.0,0.0,0.0,7.2
47993834.0,0.0,0.0,0.0,0.0,0.0,0.0,0.0,5.76
48025821.0,0.0,0.0,0.0,0.0,0.0,0.0,0.0,4.61
48058227.0,0.0,0.0,0.0,0.0,0.0,0.0,0.0,3.69
48089938.0,0.0,0.0,0.0,0.0,0.0,0.0,0.0,2.95
48121381.0,0.0,0.0,0.0,0.0,0.0,0.0,0.0,2.36
48153054.0,0.0,0.0,0.0,0.0,0.0,0.0,0.0,1.89
48183991.0,0.0,0.0,0.0,0.0,0.0,0.0,0.0,1.51
48215731.0,0.0,0.0,0.0,-0.92,0.0,0.0,0.0,1.02
48247667.0,0.0,0.0,0.0,1.77,0.0,0.0,0.0,1.17
48279605.0,0.0,0.0,0.0,5.31,0.0,0.0,0.0,2.0
48311359.0,0.0,0.0,0.0,11.45,0.0,0.0,0.0,3.89
48342748.0,0.0,0.0,0.0,16.64,0.0,0.0,0.0,6.44
48374660.0,0.0,0.0,0.0,18.98,0.0,0.0,0.0,8.95
48406542.0,0.0,0.0,0.0,19.41,0.0,0.0,0.0,11.04
48438085.0,0.0,0.0,0.0,18.75,0.0,0.0,0.0,12.58
48469758.0,0.0,0.0,0.0,13.36,0.0,0.0,0.0,12.74
48501949.0,0.0,0.0,0.0,10.56,0.0,0.0,0.0,12.3
48533833.0,0.0,0.0,0.0,7.03,0.0,0.0,0.0,11.25
48565802.0,0.0,0.0,0.0,6.22,0.0,0.0,0.0,10.24
48597453.0,0.0,0.0,0.0,3.53,0.0,0.0,0.0,8.9
48628599.0,0.0,0.0,0.0,0.88,0.0,0.0,0.0,7.3
48660671.0,0.0,0.0,0.0,0.9,0.0,0.0,0.0,6.02
48692016.0,0.0,0.0,0.0,0.0,0.0,0.0,0.0,4.81
48724574.0,0.0,0.0,0.0,0.0,0.0,0.0,0.0,3.85
48756486.0,0.0,0.0,0.0,0.0,0.0,0.0,0.0,3.08
48788469.0,0.0,0.0,0.0,0.0,0.0,0.0,0.0,2.46
48819380.0,0.0,0.0,0.0,0.0,0.0,0.0,0.0,1.97
48851148.0,0.0,0.0,0.0,0.0,0.0,0.0,0.0,1.58
48882671.0,0.0,0.0,0.0,0.0,0.0,0.0,0.0,1.26
48913734.0,0.0,0.0,0.0,0.0,0.0,0.0,0.0,1.01
48945476.0,0.0,0.0,0.0,0.0,0.0,0.0,0.0,0.81
48977791.0,0.0,0.0,0.0,0.0,0.0,0.0,0.0,0.65
49010011.0,0.0,0.0,0.0,0.0,0.0,0.0,0.0,0.52
49041823.0,0.0,0.0,0.0,0.0,0.0,0.0,0.0,0.41
49073377.0,0.0,0.0,0.0,0.0,0.0,0.0,0.0,0.33
49104594.0,0.0,0.0,0.0,0.0,0.0,0.0,0.0,0.26
49135313.0,0.0,0.0,0.0,0.0,0.0,0.0,0.0,0.21
49166980.0,0.0,0.0,0.0,0.0,0.0,0.0,0.0,0.17
49198610.0,0.0,0.0,0.0,0.0,0.0,0.0,0.0,0.14
49230276.0,0.0,0.0,0.0,0.0,0.0,0.0,0.0,0.11
49264707.0,0.0,0.0,0.0,0.0,0.0,0.0,0.0,0.09
49296596.0,0.0,0.0,0.0,0.0,0.0,0.0,0.0,0.07
49328616.0,0.0,0.0,0.0,0.0,0.0,0.0,0.0,0.06
49361358.0,0.0,0.0,0.0,0.0,0.0,0.0,0.0,0.04
49392524.0,0.0,0.0,0.0,0.0,0.0,0.0,0.0,0.04
49423516.0,0.0,0.0,0.0,0.0,0.0,0.0,0.0,0.03
49456149.0,0.0,0.0,0.0,0.0,0.0,0.0,0.0,0.02
49488368.0,0.0,0.0,0.0,0.0,0.0,0.0,0.0,0.02
49520930.0,0.0,0.0,0.0,0.0,0.0,0.0,0.0,0.01
49556205.0,0.0,0.0,0.0,0.0,0.0,0.0,0.0,0.01
49587500.0,0.0,0.0,0.0,0.0,0.0,0.0,0.0,0.01
49618361.0,0.0,0.0,0.0,0.0,0.0,0.0,0.0,0.01
49649301.0,0.0,0.0,0.0,0.0,0.0,0.0,0.0,0.01
49680939.0,0.0,0.0,0.0,0.0,0.0,0.0,0.0,0.0
49711801.0,0.0,0.0,0.0,0.0,0.0,0.0,0.0,0.0
49743950.0,0.0,0.0,0.0,0.0,0.0,0.0,0.0,0.0
49775649.0,0.0,0.0,0.0,0.0,0.0,0.0,0.0,0.0
49855640.0,0.0,0.0,0.0,0.0,0.0,0.0,0.0,0.0
49887449.0,0.0,0.0,0.0,0.0,0.0,0.0,0.0,0.0
49919081.0,0.0,0.0,0.0,0.0,0.0,0.0,0.0,0.0
49949875.0,0.0,0.0,0.0,0.0,0.0,0.0,0.0,0.0
49980447.0,0.0,0.0,0.0,0.0,0.0,0.0,0.0,0.0
50011340.0,0.0,0.0,0.0,0.0,0.0,0.0,0.0,0.0
50044202.0,0.0,0.0,0.0,0.0,0.0,0.0,0.0,0.0
50076595.0,0.0,0.0,0.0,0.0,0.0,0.0,0.0,0.0
50107880.0,0.0,0.0,0.0,0.0,0.0,0.0,0.0,0.0
50139773.0,0.0,0.0,0.0,0.0,0.0,0.0,0.0,0.0
50170917.0,0.0,0.0,0.0,0.0,0.0,0.0,0.0,0.0
50202743.0,0.0,0.0,0.0,0.0,0.0,0.0,0.0,0.0
50233835.0,0.0,0.0,0.0,0.0,0.0,0.0,0.0,0.0
50265853.0,0.0,0.0,0.0,0.0,0.0,0.0,0.0,0.0
50297628.0,0.0,0.0,0.0,0.0,0.0,0.0,0.0,0.0
50328350.0,0.0,0.0,0.0,0.0,0.0,0.0,0.0,0.0
50360425.0,0.0,0.0,0.0,0.0,0.0,0.0,0.0,0.0
50392619.0,0.0,0.0,0.0,0.0,0.0,0.0,0.0,0.0
50423959.0,0.0,0.0,0.0,0.0,0.0,0.0,0.0,0.0
50455950.0,0.0,0.0,0.0,0.0,0.0,0.0,0.0,0.0
50488192.0,0.0,0.0,0.0,0.0,0.0,0.0,0.0,0.0
50520352.0,0.0,0.0,0.0,0.0,0.0,0.0,0.0,0.0
50552100.0,0.0,0.0,0.0,0.0,0.0,0.0,0.0,0.0
50584149.0,0.0,0.0,0.0,0.0,0.0,0.0,0.0,0.0
50616340.0,0.0,0.0,0.0,0.0,0.0,0.0,0.0,0.0
50648439.0,0.0,0.0,0.0,0.0,0.0,0.0,0.0,0.0
50680095.0,0.0,0.0,0.0,0.0,0.0,0.0,0.0,0.0
50711870.0,0.0,0.0,0.0,0.0,0.0,0.0,0.0,0.0
50743698.0,0.0,0.0,0.0,0.0,0.0,0.0,0.0,0.0
50776219.0,0.0,0.0,0.0,0.0,0.0,0.0,0.0,0.0
50808682.0,0.0,0.0,0.0,0.0,0.0,0.0,0.0,0.0
50840929.0,0.0,0.0,0.0,0.0,0.0,0.0,0.0,0.0
50872895.0,0.0,0.0,0.0,0.0,0.0,0.0,0.0,0.0
